0 0 1 3 4 5 8 9 10 12 13 14 15 16 17 18 19 20 21 22 23 24 25 26 29 31 32 33 34 35 36 37
1 38 39
2 0 2 11 12 17 19 40 41 42 43 44 45 46 48 49 50 51 52 53 54 55 57 58 59 61 63 64 65 66 68 69 71
3 42 55 61 68 72 73 74 76 77 78 80 82 83 84 85 86 88 89 90 91 92 93 94 95 97 98 99 100 101 102 103 105 106 107
4 22 110 111 112 113 114 116 117 118 120 122 123 124 125 126 127 128 129 130 131
5 4 14 29 118 132 133 134 135 137 138 139 140 141 142 143 145 146 147 148 150 151 152 154 155 156 158 159 160 161 163 164 165 167 168 169 170 171 173
6 18 29 34 115 118 122 132 135 136 139 140 142 144 154 164 176 177 178 179 180 181 182 183 187 188
7 189 190 192 193 194 195 196 197 198 199 200 201 202 203 204 207 209 210
8 46 73 76 77 84 90 91 96 211 212 213 215 216 217 218 220 221 222 223 224 226 227 228 229 230 232 233 234 235 236 237 239 240
9 14 29 45 101 104 132 138 144 145 147 149 166 168 177 179 241 242 244 246 248 249 251 252 253 254 255 256 257 258 259 260 261 262 263 264 265
10 19 67 69 132 174 195 196 207 252 266 268 269 270 271 272 273 274 276 277 278 279 280 281 282 284 286 287 288 289 290 291 292 293 294 295
11 4 55 99 136 139 142 144 153 158 166 169 174 179 181 196 252 277 296 297 298 299 300 302 303 304 305 306 307 308 309 310 312 313 314 315 316 317 318 320 321
12 322 324 325 326 327 328 329 330 331 332
13 42 74 79 81 88 89 94 98 103 123 223 335 336 337 338 339 340 341 342 344 345 346 347 348 349 350 351 352 353 354 357 358
14 29 178 199 305 359 360 361 362
15 5 14 29 100 101 133 136 142 144 149 165 166 177 250 252 299 301 311 317 364 365 366 367 368 370 371 372 373 374 375 376 379 380 381
16 12 18 19 49 56 68 92 98 101 196 201 286 306 382 383 384 385 386 388 389 390 391 393 394 395 397 399 400 402 403 404
17 5 28 49 282 287 406 407 408 409 410 411 414 415 417 418 419
18 4 14 29 136 137 139 142 143 144 146 149 153 160 166 181 247 251 252 261 296 308 316 363 364 366 370 379 420 421 424 425 428 429
19 210 281 288 430 431 432 433 436 437 438 439 440 441 443 444 445 446 448 449 450 452 453 454 456 457 458
20 40 46 49 60 92 97 103 214 286 334 346 384 460 461 462 463 465 466 467 468 469 470 471 472 473 476 477 478 479
21 4 14 29 45 100 118 119 131 132 133 135 139 142 144 145 146 158 175 219 229 299 373 422 480 481 482 483 485 486 487
22 4 14 43 45 132 133 134 136 137 138 139 140 146 151 152 153 154 157 160 170 179 180 181 241 245 248 255 261 264 379 488 489 490 491 492 494 495
23 286 384 453 496 498 500 501 502 503 504 506 507 508 509 510 513 514 515 516 517 518 519 520 521 522 523
24 0 14 62 169 217 249 321 359 360 372 379 380 397 468 498 524 525 526 527 528 529 530 531 532 534 535 536 540 541 542 543
25 0 8 9 19 26 30 37 188 487 544 546 547 549 550 551 552 553 554 555 556
26 4 29 47 85 132 133 136 144 146 160 169 174 196 247 250 252 258 263 277 301 310 316 364 370 381 383 490 516 529 558 559 560 561 562 566 567 568 569
27 99 100 104 132 133 135 139 144 147 160 162 166 174 177 183 241 242 247 251 257 263 277 311 361 365 425 490 516 529 566 570 571 572 573 575
28 4 5 8 19 22 46 98 108 133 337 410 475 478 523 534 577 578 580 581 582 583 585 586 587
29 19 42 43 46 52 55 68 73 77 79 90 92 98 101 104 195 233 237 273 306 334 432 460 464 588 589 590 591 592 593 595 596 598 599 600 601
30 5 40 62 66 103 212 341 345 527 531 536 602 603 605 606 607 608 610 611 613 614 616 617 618
31 2 8 17 19 49 55 73 76 92 96 97 98 211 212 224 233 334 353 460 523 602 619 621 623 624 625 626 627
32 64 88 235 500
33 75 101 174 224 250 256 263 268 273 279 310 313 371 413 430 432 529 566 569 570 628 629 630 632 634 635 636 637 638 639 640 641 642 643 644 645 646 647 648
34 45 98 103 324 329 334 357 593 604 619 650 652 653 654 655 656 657
35 12 28 58 61 68 79 98 99 100 132 144 149 174 176 177 188 215 252 266 269 277 286 306 323 345 374 516 523 540 589 658 659 660 661 662 663 664 665
36 24 60 453 455 667 668 669 670 672 673 675 676
37 580 677 678 679 681 682 683
38 383 455 498 499 501 514 522 670 672 684 685 686 687 689 691 692 693 694 695 696 697 698
39 12 29 55 63 80 93 96 99 100 132 133 146 195 196 219 258 286 307 525 529 571 573 589 700 701 702 703 704 705 706 707 708 709 710
40 2 5 11 12 17 23 24 25 28 29 42 68 83 98 100 101 108 170 172 260 266 337 407 489 552 594 712 713 714 715 716 717 718 719 720 721
41 14 40 89 97 98 104 228 323 342 345 383 384 392 393 404 462 473 498 499 522 540 609 615 654 697 723 724 725 726 727 728 729 730 732 733 734
42 29 47 132 133 135 137 139 146 149 161 166 173 174 179 247 316 379 421 423 424 429 735 736 737 738 739 740 741 742
43 29 132 133 134 135 136 139 143 144 145 149 157 161 166 168 171 174 177 179 181 244 247 250 252 264 315 361 364 366 370 429 558 565 572 744 745 746 747 749
44 61 101 118 132 133 135 136 137 143 144 146 153 159 160 174 177 241 242 247 250 251 252 255 277 296 298 313 365 366 423 426 490 534 561 663 749 751 752
45 4 14 29 59 92 98 101 112 119 122 132 133 139 144 175 196 260 286 306 327 379 402 481 516 523 534 753 754 755 756
46 50 95 132 143 149 151 155 157 165 247 379 489 494 600 710 715 759 760 761 762 764
47 5 8 12 46 49 83 92 93 98 99 100 101 114 218 223 286 306 338 380 386 393 523 532 540 571 589 620 700 711 724 765 766 768 769 770 771 772 773
48 49 55 75 96 383 384 397 431 453 498 499 502 514 515 519 523 598 672 673 674 688 693 694 695 697 724 774 775 777 778 780
49 170 183 250 269 279 430 439 440 451 645 674 676 781 782 783 784
50 4 14 29 65 132 133 137 140 144 149 153 160 171 172 174 179 252 260 271 277 304 318 360 379 785
51 4 14 18 133 135 136 140 142 143 153 161 170 174 179 186 196 251 298 311 379 425 488 494 573 701 786 788 789
52 12 42 68 92 98 124 127 128 172 219 223 790 791 792 793 794 797 798
53 19 46 55 83 99 218 228 230 268 338 368 394 464 506 540 607 609 768 782 800 803
54 29 83 132 133 136 139 144 174 177 195 196 218 250 256 257 260 263 266 277 381 417 481 559 566 568 630 638 664 781 803 804 806 807 808
55 29 133 135 136 139 144 146 160 162 166 174 177 199 247 365 366 427 449 481 483 490 593 747 750 751 809 810 812 813 814
56 5 14 19 68 98 103 108 140 195 208 238 260 287 334 384 387 593 598 606 615 620 693 780 815 816 817 818 819 821 823 824 825 826
57 38 80 86 352 408 600 625 729 827 828 829 831 832 833 834 835
58 12 49 73 88 98 112 125 231 338 349 358 389 398 604 612 663 731 836 838 839 840 841 842 843 844 847 848
59 0 3 12 19 20 24 42 55 61 65 67 69 92 93 104 108 153 196 306 473 524 581 592 699 707 849 850 851 852 853 856 857
60 46 49 62 68 71 88 98 104 322 323 381 383 384 404 453 462 463 473 498 499 502 517 523 602 609 687 693 715 724 776 858 859 860 861 864 865
61 10 23 42 45 123 126 131 335 622 734 791 867 868 869 870 871
62 55 85 174 192 195 249 258 260 268 269 276 277 430 440 458 489 618 630 648 807 872 873 874 876 877 878 879 881 882 883
63 8 9 15 19 26 35 36 37 474 478 545 546 547 548 553 554 555 582 611 885 886 887 888 889 892 893 895 896
64 12 14 29 109 130 132 133 134 136 143 144 145 146 149 157 159 161 163 168 170 171 173 179 188 252 254 264 300 304 316 494 703 897 898 899 900 901
65 42 72 86 124 126 172 221 300 337 342 347 349 593 793 794 902 903 905 906 907 909 910 911 912 913 914 915
66 49 55 68 83 100 104 111 222 260 276 287 291 345 384 386 410 462 463 473 571 589 598 621 733 773 883 916 917 918 919 920 921 924 925 926
67 66 455 498 500 501 502 505 507 511 522 537 605 616 666 685 689 691 692 928 929 930 931 932
68 4 14 18 29 45 115 118 122 131 134 135 136 138 139 140 143 144 146 148 153 161 169 170 174 175 199 251 265 296 298 370 424 481 494 933 934 935 936 937
69 0 15 30 43 233 306 334 351 396 460 476 547 548 550 577 582 680 762 815 818 824 826 894 940 941 942 943 944 945
70 45 47 162 247 292 516 606 636 639 946 947 948 949 950 951 952
71 4 14 45 47 85 101 132 133 136 139 142 143 144 146 149 170 181 195 196 250 252 260 263 277 304 311 316 317 361 364 558 561 565 664 749 953 954 955 956
72 29 190 200 203 875 958 959 960 961 962 963 964 965
73 43 62 68 83 86 98 100 101 218 225 320 372 523 525 658 661 710 767 769 770 925 967 968 969 970 971 972 973
74 42 60 269 337 410 419 454 456 622 655 834 974 975 976 977 978
75 29 45 59 99 115 118 132 133 136 138 139 147 148 154 156 166 170 171 196 252 254 277 315 317 368 420 486 490 529 566 742 757 784 808 979 982
76 413 417 430 437 441 443 445 447 645 781 783 878 983 984 985 986
77 127 128 920 987 988 989 991 992
78 42 210 213 220 226 232 236 338 623 796 993 995 996 997
79 49 73 77 523 602
80 49 58 75 383 384 391 396 401 455 497 498 502 504 523 567 630 663 666 674 684 692 693 694 697 724 768 805 858 999 1000 1001 1002 1003
81 40 60 68 97 103 108 282 287 291 334 394 432 459 462 467 468 502 525 654 659 721 805 1005 1006 1007 1009 1010
82 68 100 192 195 238 279 288 290 291 383 384 417 430 433 434 435 437 438 451 453 537 645 781 807 878 974 983 1011 1013
83 14 47 118 122 131 133 136 138 144 145 146 148 153 160 161 170 173 175 179 242 243 244 251 252 261 264 308 359 424 481 494 743 934
84 42 46 73 76 80 86 95 226 232 333 353 355 356 466 829 905 995 1015 1016 1017 1018 1019 1020
85 29 68 83 99 133 135 144 146 160 162 174 187 206 241 250 268 298 365 371 376 379 381 486 560 630 633 636 638 642 805 806 873 1022 1023 1024 1025
86 68 98 186 201 286 311 403 404 611 663 727 734 1027 1028 1029 1030 1032 1033 1034 1035 1036
87 74 233 260 334 357 466 472 582 609 651 763 780 885 890 891 939 945 1037 1038 1041
88 29 132 134 140 145 146 149 153 250 252 260 299 366 489 662 692 693 810 812 930 959 965 1042 1043
89 8 19 21 28 42 46 76 79 86 94 98 212 218 221 226 232 233 306 351 466 588 593 600 601 763 908 910 912 973 1020 1044 1045 1046 1047 1049
90 4 14 45 118 132 133 135 136 142 143 144 146 149 153 157 170 174 179 252 266 277 298 301 315 316 364 366 370 372 427 558 972 1050 1051 1052 1053 1054
91 0 14 22 26 36 37 70 89 92 132 133 139 153 158 173 179 286 529 540 549 584 753 784 981 1055 1057 1058
92 42 76 83 86 90 96 212 213 225 272 358 408 417 430 440 456 500 589 625 919 1022 1059 1061 1062 1065 1066 1067
93 4 12 14 28 29 47 98 101 132 133 136 139 143 144 149 160 161 165 169 174 247 252 296 298 307 379 402 404 423 473 523 666 758 935 938 1068
94 12 13 17 24 29 42 45 46 55 68 80 86 99 100 108 212 213 234 282 306 380 410 523 581 583 598 707 710 713 715 825 922 932 972 1064 1069 1070 1071
95 12 42 43 45 46 53 79 89 93 98 99 100 128 172 223 311 349 460 464 466 470 611 699 700 796 910 1044 1045 1063 1072 1073 1074 1075 1076 1077 1078
96 5 85 92 97 98 103 104 165 189 195 210 256 263 273 277 310 313 366 371 417 440 540 630 636 638 658 768 804 805 873 958 985 1079 1080 1081 1082 1083
97 68 70 74 75 76 78 81 88 98 101 126 227 286 330 348 402 542 702 771 876 886 896 993 1020 1084 1085 1086 1088 1089
98 2 11 12 19 20 29 42 46 50 61 68 75 83 99 108 195 219 260 311 334 390 476 523 526 532 582 598 602 611 614 761 991
99 29 66 70 101 104 133 165 196 219 250 277 279 282 365 371 382 504 529 562 564 566 635 649 666 674 724 1088 1090 1091 1092
100 337 405 407 408 409 416 655 730 914 1093 1094 1095 1097 1098 1099 1100
101 210 246 337 532 640 769 1101 1102
102 56 75 92 104 291 333 384 396 453 455 498 499 502 519 567 594 597 674 694 697 719 927 944 1011 1103 1104 1106 1107
103 40 66 291 615 671 674 722 774 1091 1108 1109 1110
104 45 58 59 98 104 116 218 396 401 404 473 516 517 523 585 666 694 858 861 862 863 1000 1001 1005 1009 1068 1111 1114 1116 1117 1118 1120
105 4 29 122 132 133 135 136 138 139 144 165 166 179 195 200 203 205 297 960 961 962 963 964 966 1121 1122
106 28 74 83 97 103 208 233 306 337 386 414 464 571 594 615 640 925 994 1012 1071 1123 1125 1126 1127 1128
107 75 92 104 195 277 293 345 384 387 439 498 500 504 507 509 522 528 540 605 654 666 685 690 691 697 1130 1131 1132 1133 1134 1135 1136 1138
108 22 33 36 58 62 79 88 98 218 306 323 334 383 399 402 404 464 473 499 516 523 666 694 697 698 733 797 859 863 979 1000 1001 1139 1140 1141
109 33 368 393 399 544 624 1135 1142 1143 1144 1146 1147
110 104 113 124 260 300 350 792 793 798 907 980 989 992 1148 1149 1150
111 0 8 9 14 19 30 33 36 37 45 46 59 65 70 71 98 116 138 195 223 253 392 546 548 549 550 551 554 555 941 943 1056 1151 1153
112 195 263 268 277 282 291 309 387 440 446 448 537 618 719 856 877 882 950 1154 1155 1156 1157 1158 1159
113 40 66 191 281 291 396 436 437 444 453 455 498 499 500 502 505 510 518 603 604 605 617 928 978 1008 1011 1091 1161 1162
114 12 69 132 133 134 135 136 137 138 145 172 173 174 176 177 181 195 196 247 260 266 277 316 321 376 379 381 558 629 704 742 751 756 784 897 1163
115 29 47 118 130 134 136 139 144 145 146 162 168 174 176 195 196 244 247 260 292 315 359 361 379 429 490 565 665 736 742 750 756 953 1003 1164 1166 1168 1169
116 88 334 343 470 614 663 1084 1170 1171
117 5 11 28 96 188 232 269 338 374 380 413 417 430 432 440 594 644 710 712 876 1064 1071 1074 1127 1172 1173
118 12 17 19 20 42 45 55 61 65 68 75 100 195 269 282 306 311 384 459 519 567 578 581 594 598 719 825 851 855 1107 1176
119 5 12 14 29 50 58 98 136 149 195 201 224 278 311 379 383 402 523 598 658 666 724 932 1001 1114 1177 1178 1179
120 4 14 29 46 61 63 100 117 132 133 139 142 144 162 166 169 174 176 206 242 266 277 310 363 365 486 490 540 664 701 715 785 995 1180 1181 1183
121 98 104 192 266 276 282 306 455 459 462 499 516 528 585 664 666 805 858 863 950 1000 1001 1005 1011 1113 1118 1120 1185
122 0 3 33 36 46 54 61 71 82 90 239 525 583 728 756 772 943 1056 1085 1186 1187 1188
123 4 14 18 29 118 122 132 137 138 139 140 143 144 146 164 166 174 177 181 193 201 217 247 251 296 298 321 372 373 381 488 524 534 573 752 785 915
124 4 14 18 29 45 110 115 118 122 131 132 133 137 138 139 142 143 167 174 177 179 187 201 247 251 296 298 305 379 488 524 534 559 740 744 752 785 1054
125 42 114 212 233 904 1189
126 4 29 61 132 133 138 139 143 144 145 146 149 153 157 160 161 166 174 177 179 181 247 250 277 298 301 305 316 317 370 379 423 427 552 748 756 979 1028 1050 1190
127 14 45 118 133 134 135 136 144 146 149 166 170 173 174 175 179 247 250 252 266 296 301 304 316 317 361 364 366 379 381 429 481 534 566 736 751 1054 1165
128 4 29 132 133 136 143 151 155 159 166 167 179 199 250 252 254 301 316 317 370 423 534 552 558 559 744 745 746 787 1051 1054 1166 1169
129 4 14 19 29 55 132 133 140 144 181 199 252 267 317 370 423 429 488 505 534 577 580 583 682 826 932 1192 1194 1197 1198 1199 1200
130 4 14 132 133 134 135 136 138 145 146 148 152 153 157 160 161 166 167 169 170 174 176 179 183 199 241 242 251 296 308 311 364 379 489 494 751 936 1180 1191
131 4 5 7 11 12 14 17 18 28 42 51 98 112 120 133 142 144 149 212 298 307 379 389 410 494 593 710 731 753 842 847 897 922 926 1201 1202 1203
132 99 174 192 195 196 207 266 267 269 277 279 292 293 309 381 383 384 397 459 502 505 518 520 537 567 630 636 802 805 882 1155 1205 1206
133 12 42 52 68 72 73 76 79 87 90 107 211 212 218 236 281 334 336 353 589 592 729 796 912 1087 1210 1211
134 0 19 27 29 49 55 68 286 312 334 390 403 404 460 474 487 498 504 524 583 603 666 696 697 725 1000 1030 1044 1202 1212
135 0 8 14 19 46 223 252 354 459 473 478 547 587 763 815 871 997 1044 1152 1202 1213 1215 1216 1217
136 43 45 47 70 98 115 121 136 185 201 286 334 345 359 392 403 523 542 544 724 726 734 791 1002 1029 1030 1034 1219 1220 1221
137 4 14 29 47 118 131 132 136 138 139 143 144 145 146 155 159 163 168 169 173 174 179 241 244 252 260 298 301 360 489 494 561 741 787 963 1223 1225
138 29 69 118 132 134 135 136 137 138 144 145 146 147 154 156 158 165 174 176 177 224 242 252 363 372 379 381 486 570 600 742 766 789 968 1163 1190 1226
139 29 34 118 132 133 134 135 136 138 139 142 145 146 149 154 160 161 166 171 174 177 179 199 247 252 277 316 318 319 379 741 744 961 962 963 1227
140 14 85 130 132 136 137 139 143 146 148 149 158 161 166 167 170 179 196 277 296 298 310 311 313 315 364 379 423 488 534 573 785 809 1180 1228 1229 1230
141 10 82 103 223 228 287 325 419 652 720 902 924 1124 1231 1232 1234
142 29 46 55 75 101 135 144 146 149 196 228 266 268 272 276 277 319 326 365 371 377 529 534 540 564 567 573 607 614 756 875 1003 1133 1235 1236 1237
143 29 43 45 98 118 122 133 135 138 143 145 146 149 161 162 166 170 172 175 177 179 196 254 258 361 379 529 542 663 742 751 788 979 982 1027 1141 1238 1239
144 12 43 63 75 80 169 176 196 247 277 315 382 389 529 808 1003 1164 1166 1168 1191 1240 1241 1242 1243
145 83 92 98 104 133 137 142 144 160 165 166 174 210 214 219 244 247 263 277 301 313 365 381 404 427 466 571 663 664 715 768 809 861 1116 1245 1246 1247
146 42 48 66 67 68 95 96 99 191 217 292 462 591 620 699 700 721 929 1008 1110 1119 1248 1249 1250 1251
147 85 98 133 160 196 210 258 266 279 291 310 383 384 388 435 446 498 502 505 517 518 520 529 598 607 635 685 722 812 932 1155 1199 1252 1253
148 46 82 233 334 401 468 471 652 663 694 780 885 890 1084 1232 1254 1255 1256
149 12 28 29 45 49 52 53 68 73 83 88 93 98 139 177 183 212 241 286 306 311 338 404 524 701 767 769 910 1140 1177 1258 1261 1262 1263 1264
150 49 58 144 252 341 356 383 388 473 498 504 514 517 693 694 696 697 698 768 797 817 861 862 863 999 1000 1002 1129 1162 1265 1267 1268
151 135 138 148 154 160 166 176 185 193 199 251 252 262 317 321 364 370 427 491 495 750 788 809 966 1183 1269 1270 1271
152 11 14 17 19 43 55 61 67 93 110 118 122 129 132 136 138 140 145 146 153 182 253 282 321 363 379 424 488 703 704 764 788 900 1050 1272 1273
153 5 10 208 267 281 293 419 436 518 537 580 598 781 974 1007 1207 1208 1274
154 14 29 54 133 137 139 141 146 147 174 196 241 243 245 255 260 262 315 317 393 459 505 559 785 847 1122 1180 1201 1277 1278
155 184 186 483 742 751 1026 1027 1032 1035
156 40 42 45 46 66 75 80 89 90 158 336 345 346 368 500 527 608 611 615 699 702 918 929 984 1003 1110 1279 1280 1281
157 28 46 55 70 74 76 77 81 88 95 98 100 178 183 188 223 303 306 460 466 909 923 995 1068 1086 1212 1282 1283 1284 1285
158 28 39 42 232 353 355 407 410 592 602 625 794 902 912 913 922 1015 1046 1049 1286 1287 1288 1289 1290 1291
159 42 104 281 282 291 345 411 413 439 453 454 456 462 498 499 567 594 609 615 676 697 774 916 977 1012 1105 1292
160 12 28 42 52 68 83 92 99 100 107 114 172 210 223 232 236 277 380 440 629 715 724 767 771 790 795 797 897 972 994 1050 1064 1066 1173 1249 1294 1295
161 23 49 51 55 73 83 142 218 233 269 299 380 391 413 459 464 532 554 567 583 594 652 711 713 715 719 720 721 859 860 865 993 1077 1125 1205 1230 1297
162 42 46 55 68 83 86 89 96 98 210 212 218 222 223 231 233 237 277 334 382 384 397 464 486 523 715 724 805 836 840 1023 1087 1114 1242 1298 1299
163 12 63 69 80 82 90 170 249 286 368 399 473 489 540 566 607 699 701 727 800 880 948 967 1026 1029 1111 1129 1185 1253 1263 1302 1303 1304
164 118 122 177 184 186 247 249 251 317 742 751 848 948 1026 1027 1029 1035 1305
165 8 19 42 55 95 96 98 103 218 223 232 233 238 344 407 528 583 589 700 710 758 858 885 888 1048 1088 1173 1187 1210 1215 1249 1278 1295 1304 1306 1307
166 42 49 66 82 92 98 114 191 223 228 283 334 341 343 402 462 498 507 510 523 605 617 697 723 724 729 733 797 901 1000 1007 1013 1084 1310
167 198 341 436 444 450 498 603 617 654 673 732 733 779 797 896 927 928 1008 1084 1106 1135 1212 1232 1257 1311 1312
168 14 19 29 45 55 98 101 104 133 135 137 144 160 174 192 195 196 214 247 252 260 263 266 277 278 296 297 309 317 381 559 719 925 966 1125 1313
169 46 48 97 103 291 414 442 569 641 671 700 721 1091 1251
170 55 65 68 98 111 291 411 464 473 590 598 719 768 849 855 856 1103 1314
171 119 141 174 177 524 529 542 544 705 737 844 947 1175 1315
172 8 9 14 16 19 22 36 42 45 46 54 71 92 214 286 306 323 327 525 587 593 608 611 724 1044 1202 1214 1234 1316 1317
173 2 14 19 24 29 40 42 49 50 55 61 64 68 108 196 212 217 292 295 372 410 505 592 593 598 602 627 715 897 922 1177 1202 1214 1319
174 8 9 11 19 46 71 266 282 460 471 476 547 550 553 554 719 933 1000 1236 1264 1276 1320
175 29 68 75 92 101 132 135 136 137 144 149 195 196 210 250 252 263 277 278 292 296 298 365 366 371 376 381 498 566 573 636 748 1082 1133
176 0 12 19 30 40 46 49 64 65 71 98 323 334 335 392 400 461 523 545 547 548 868 892 1078 1202 1212 1220 1264 1307 1310 1320 1322
177 55 68 75 97 101 103 104 195 196 228 266 269 272 274 277 278 287 291 313 432 459 460 463 528 537 540 567 607 608 615 874 883 932 984 1076 1105 1207 1323
178 14 136 241 586 1191 1274 1325
179 0 1 13 20 45 53 65 68 92 108 459 507 581 598 681 697 698 703 721 724 850 1036 1103 1107 1171 1176 1219 1272 1326
180 48 1062 1065
181 5 10 11 19 29 45 49 68 75 172 286 287 321 384 523 550 598 713 922 994 1050 1124 1329
182 2 7 17 28 42 49 74 102 108 212 235 240 465 614 627 656 731 835 850 915 1175 1177 1189 1211 1319 1330
183 42 49 84 86 88 92 212 218 222 306 322 323 333 386 402 466 470 473 532 542 593 715 724 733 765 1049 1072 1258 1331 1332
184 8 12 54 61 68 88 92 97 98 100 104 142 218 219 228 229 266 277 307 311 334 368 386 402 464 473 528 589 620 658 724 726 863 918 919 1088 1179 1334
185 83 272 275 277 281 285 287 293 432 437 440 443 446 452 457 567 608 636 644 654 674 781 873 876 974 984 1061 1335
186 10 31 36 75 98 99 201 286 323 341 386 388 392 403 464 498 512 523 541 544 548 611 693 713 724 727 819 863 931 1002 1115 1139 1336 1337 1340
187 18 19 24 29 42 59 68 142 145 174 196 283 292 359 504 525 598 602 932 1199 1204 1341
188 98 281 282 341 383 387 401 442 450 452 455 502 504 506 509 512 514 519 598 671 675 826 927 998 1106 1154 1161 1208 1343 1345
189 141 266 279 281 313 434 438 439 440 458 527 630 638 781 874 1065 1068 1083 1138 1155 1346 1347 1348 1349
190 403 452 649 1296 1350 1351 1352 1353 1354
191 55 85 197 212 246 277 279 310 410 413 417 438 440 534 590 638 1128 1137 1249 1355
192 42 55 83 84 97 98 100 139 146 222 233 306 380 404 410 459 465 473 532 573 597 601 767 790 854 924 1103 1175 1201 1236 1339
193 29 135 138 140 146 174 182 185 206 219 252 278 297 312 317 371 486 534 559 595 649 752 934 985 1025 1134 1231 1357 1358 1359
194 191 384 453 455 496 498 518 671 675 693 694 722 774 775 779 944 1108 1360
195 85 118 132 133 134 135 136 138 139 143 144 146 149 153 154 161 162 166 167 170 173 176 179 242 247 266 277 296 311 361 425 490 568 662 832 953 1122
196 10 19 45 46 55 65 68 132 133 175 249 252 277 290 317 395 534 578 579 581 583 590 703 806 825 1175 1362
197 0 12 29 41 42 43 55 63 68 69 77 92 100 103 108 266 286 302 306 340 571 578 579 581 589 662 699 721 773 825 1362 1363
198 498 500 502 503 504 505 507 509 511 513 522 685 686 690 691 1132
199 49 68 83 92 99 100 104 114 128 195 210 260 269 291 417 419 437 443 455 457 458 567 594 607 654 666 692 805 916 920 980 1105 1174 1364
200 4 14 29 45 98 131 132 133 136 139 142 144 146 149 175 247 252 264 277 317 329 335 361 379 381 383 486 516 523 529 697 935 980 1222 1365
201 16 28 89 101 223 306 345 384 401 462 733 916 1044 1056 1088 1253 1266 1366 1367 1368
202 5 19 29 45 52 101 169 538 554 579 582 583 621 662 703 714 715 743 825 888 1127 1186 1273 1306 1329 1369
203 94 383 498 543 616 652 694 697 763 768 1000 1010 1039 1041 1215 1254
204 12 17 28 49 74 75 93 98 268 383 384 473 567 578 581 589 598 600 604 638 721 724 726 727 728 781 802 825 983 1130 1147 1343
205 63 165 166 174 209 239 266 277 278 284 363 365 566 607 608 664 702 874 875 976 984 1082 1133 1184 1303 1315 1323 1371 1372
206 42 83 86 90 96 97 98 99 104 212 218 223 226 277 336 342 345 346 463 540 607 772 995 1021 1173
207 69 132 133 135 136 138 141 144 146 147 148 166 167 174 176 177 179 187 296 301 363 364 366 488 490 699 701 742 756 934 1134 1183 1270 1315
208 8 14 19 33 36 46 54 65 71 98 115 223 334 344 390 404 464 477 545 547 548 551 553 555 557 587 611 661 725 886 892 993 1188 1202 1214 1219
209 144 281 417 419 437 438 451 453 454 456 515 519 594 645 671 775 779 781 783 950 1105 1159 1161 1374
210 14 29 101 118 133 135 136 139 144 146 149 153 160 162 166 174 179 196 252 260 277 296 307 316 317 319 364 370 375 379 429 489 534 561 806 1169 1229
211 14 29 118 132 133 136 137 138 139 143 144 146 148 167 174 179 181 203 252 316 317 364 366 379 745 751 957 960 961 962 963 964 1014 1121
212 88 91 94 342 346 356 407 466 470 619 626 989 1375 1376
213 29 47 104 110 132 133 135 138 145 149 159 160 170 171 177 179 251 278 300 446 465 505 527 674 787 788 937 989 1134 1158 1169 1292
214 4 29 118 132 133 136 138 143 146 147 149 160 162 165 174 177 179 183 193 196 242 247 251 252 292 317 379 425 490 789 897 959 964
215 14 47 118 132 133 136 142 143 144 149 159 160 164 168 169 172 173 179 181 244 247 252 264 301 308 316 318 360 364 379 495 561 743 1153 1377 1378 1379
216 14 29 110 115 118 123 131 132 133 134 138 139 143 145 149 151 152 153 157 159 161 173 179 181 251 264 317 459 489 630 768 1381
217 4 14 29 99 132 133 136 142 144 149 170 171 175 195 252 260 277 298 364 365 371 389 534 566 570 747 748 749 897 963 1051 1200
218 28 126 127 153 171 172 195 225 291 339 348 798 916 920 991 992 1102 1148 1382
219 40 49 233 281 384 442 444 498 499 500 505 509 511 519 520 522 615 617 654 686 693 697 722 927 978 1207 1322
220 42 68 69 80 92 99 100 101 104 132 133 136 138 139 144 145 168 172 174 177 260 292 320 364 374 379 575 662 766 791 897 921 948 1190 1224 1236 1384 1385
221 49 72 73 83 84 93 96 98 104 107 211 218 222 223 232 233 286 306 334 342 345 346 353 460 462 588 600 611 629 707 763 970 1072 1268 1289 1386
222 75 228 723 916 1010
223 4 14 29 68 132 133 136 139 144 146 149 169 174 177 178 196 199 241 250 252 260 379 397 565 598 636 743 748 753 849 1042 1315
224 40 60 66 75 191 228 231 281 282 306 383 384 387 496 500 506 510 609 658 663 675 858 929 1001 1007 1091 1117 1159 1161 1248 1318 1387
225 14 29 118 131 134 135 138 139 144 146 149 151 152 153 154 159 160 168 177 179 242 250 319 379 420 421 495 561 740 956 979 1169
226 2 4 7 11 12 14 17 18 19 24 34 51 54 132 136 139 140 158 217 219 265 305 319 321 377 525 550 593 703 790 868 922 1050 1052 1216 1259 1273 1388 1389 1390
227 12 16 29 83 85 92 99 112 130 132 139 142 144 145 147 196 224 263 266 277 311 313 368 376 390 391 486 593 630 869 897 1052 1229 1245 1269 1384 1391
228 268 529 540 632 701 756 872 884 976 1136 1302 1348
229 29 47 132 136 139 140 144 161 165 166 173 174 179 199 241 244 247 250 277 305 316 317 360 370 379 489 490 495 556 935 1051 1244
230 85 135 137 174 206 250 266 273 276 277 281 310 365 367 381 417 435 440 459 531 630 634 721 873 881 1082 1133 1138 1158 1184 1228 1359
231 5 33 49 66 88 392 419 500 512 515 522 523 536 723 724 727 896 977 1010 1084 1177 1256 1311 1392 1393
232 97 218 383 393 506 589 624 666 674 694 719 767 768 782 865 1086 1145 1170 1232 1376 1394
233 4 29 132 133 136 139 142 144 146 166 174 177 178 199 224 244 247 252 303 305 308 321 366 370 371 372 373 495 558 720 742 764 1053 1177 1270 1395
234 4 29 34 50 92 112 117 132 133 134 136 142 146 149 174 175 179 180 187 217 231 277 315 361 372 379 423 424 429 481 486 488 843 1196 1263 1274 1397 1398 1399
235 98 210 432 452 464 569 636 719 768 801 1353 1368 1400 1401 1402 1403 1404
236 24 75 92 108 337 410 447 456 593 622 834 870 1061 1094 1110 1384
237 4 14 29 80 112 117 118 120 125 130 133 136 139 145 146 149 154 169 170 174 231 252 261 379 385 660 843 955 1054 1165 1168 1191 1239 1378 1399
238 19 41 577 651 668 677 678 679 680 681 683 1192 1193
239 29 132 133 136 139 143 144 146 149 151 153 170 174 179 181 241 247 301 311 365 366 370 379 425 489 494 534 747 814 938 963 1235 1244
240 42 55 68 86 104 306 346 411 417 527 589 629 851 852 1103 1406
241 29 45 131 136 175 201 292 299 304 335 565 590 703 734 816 897 1031 1222 1407 1408
242 101 195 206 210 260 320 430 433 440 445 638 644 645 748 781 873 1081 1150 1224 1231
243 19 24 64 68 223 283 518 608 942 1248 1307 1360
244 0 14 26 30 45 47 58 65 68 70 71 116 195 364 476 481 541 547 548 554 586 819 893 943 968 1036 1057 1219 1320 1340 1408
245 0 10 12 14 16 22 37 45 56 57 61 64 65 188 207 266 299 395 476 550 552 584 678 753 979 1075 1325 1328
246 42 75 98 100 103 269 272 277 280 287 291 358 417 433 439 445 453 455 515 536 567 595 607 644 645 694 768 781 1022 1074 1105 1172
247 12 18 43 53 55 61 63 65 68 79 93 100 186 286 306 351 388 391 460 487 525 532 589 701 706 707 708 764 893 1030 1077 1179 1188 1190 1209
248 29 61 69 93 132 133 136 144 147 148 150 160 165 166 177 196 206 229 242 247 250 252 277 301 304 321 365 368 370 373 420 490 709 742 751 1226 1409
249 59 384 401 453 517 598 630 666 689 696 698 858 862 863 943 998 1000 1106 1112 1115 1116 1118 1162 1325 1349
250 0 17 19 28 43 47 49 55 68 79 100 101 111 195 206 246 286 334 383 459 516 542 636 753 852 854 943 1104 1107 1261 1325
251 24 306 532 636 1124 1128 1410 1411
252 4 14 29 118 132 134 136 138 139 143 144 146 149 174 177 179 181 247 252 296 316 361 366 379 427 494 572 735 745 751 785 900 1054 1180 1381
253 75 133 172 192 195 196 269 277 279 290 300 365 417 439 440 441 446 505 566 781 786 986 1023 1081 1158 1412 1413
254 19 45 122 189 193 202 459 581 825 875 958 965 1001 1121 1227 1414
255 0 8 12 19 20 37 41 43 46 55 65 69 71 228 286 306 477 516 545 547 550 553 555 557 578 581 583 699 825 844 893 894 1253 1280 1307 1340 1362 1415
256 42 46 48 61 68 92 98 100 104 219 289 408 411 519 577 589 722 795 851 883 916 1194 1208 1293
257 4 14 29 45 51 133 135 136 142 158 160 172 195 196 199 247 252 254 260 263 277 296 317 364 422 516 529 534 662 751 784 785 1377 1388
258 29 149 266 274 279 417 433 443 451 631 635 645 1065 1368 1401
259 5 7 14 34 49 51 136 139 144 172 214 219 229 238 299 379 380 381 410 459 582 593 662 694 703 714 716 897 901 956 1201 1297 1319 1417
260 45 345 384 391 396 401 462 498 499 501 504 516 521 666 693 697 858 862 999 1000 1057 1068 1129 1151 1162 1337 1418
261 40 49 92 97 104 228 323 341 383 384 396 399 462 473 479 492 498 523 603 609 611 615 693 694 698 723 724 725 728 797 999 1000 1031 1268 1419 1420
262 1 3 6 13 24 108 169 552 850 852 1186 1189 1327 1363
263 42 75 269 287 291 388 441 523 540 593 608 615 636 698 727 733 976 1003 1063 1119 1140
264 12 28 75 92 104 144 158 195 198 210 306 315 345 383 384 462 498 506 522 529 540 652 701 768 883 1001 1203 1282
265 14 29 118 122 131 133 134 136 139 144 145 146 147 149 153 159 161 164 167 168 174 177 179 196 199 242 247 254 264 265 298 311 318 319 364 538 784 1163 1358 1398
266 12 28 49 68 96 98 100 210 228 260 276 291 306 384 439 498 500 540 600 715 719 768 805 916 1317 1421
267 12 29 49 68 83 92 98 99 100 165 169 183 195 206 210 218 225 256 260 263 266 277 280 306 311 313 374 376 410 417 484 600 636 710 715 767 781 805 1237 1245
268 0 14 15 22 36 46 71 335 523 550 555 584 585 586 589 594 720 763 810 894 999 1116 1297 1307 1320 1423
269 133 135 144 166 174 177 247 252 277 366 535 742 751 760 1389 1424
270 9 40 42 46 49 76 88 96 98 103 212 233 343 404 470 473 523 603 615 723 724 733 822 860 1039 1332 1387 1392 1425
271 98 247 277 280 332 364 371 373 374 379 393 614 618 636 692 768 805 810 812 1035 1040 1426
272 92 144 383 786 949
273 49 92 281 383 384 401 404 453 455 498 499 501 502 515 518 523 672 684 686 693 694 695 696 697 698 724 768 778 927 999 1132 1256 1267 1342
274 393 624 727 1147
275 42 55 76 88 94 96 97 102 219 223 231 322 353 355 386 465 589 602 623 731 763 829 996 1177 1201 1211 1394 1428 1429 1430
276 83 84 85 88 112 165 231 323 568 595 607 644 663 710 728 755 838 840 897 982 1067 1074 1201 1203 1335 1370 1431 1432
277 4 12 14 29 61 63 83 86 93 100 133 142 172 176 188 215 224 231 277 311 319 391 486 589 769 784 844 845 1052 1218 1397 1399 1434
278 58 65 67 75 88 230 231 286 382 383 384 385 389 391 393 400 506 513 567 660 666 691 863 1001 1002 1120 1166 1394 1433
279 14 29 34 55 99 130 133 136 142 144 146 158 174 224 277 296 298 312 361 381 382 383 404 429 486 523 540 541 664 715 841 845 858 925 982 1000 1001 1168 1201
280 29 122 132 144 146 149 151 154 174 175 181 186 252 292 297 316 362 364 381 505 558 559 561 606 664 804 897 1050 1396 1414
281 5 28 46 49 75 97 104 114 198 210 233 323 380 383 384 386 388 455 464 466 473 652 674 697 724 727 768 883 916 920 1129 1139 1146 1245 1339 1419 1436
282 12 19 25 41 46 53 54 55 68 71 84 103 228 238 267 320 372 410 583 587 703 780 825 861 1071 1202 1210 1272 1414
283 12 29 47 133 136 139 144 149 153 154 168 169 170 172 174 177 181 195 247 250 252 260 264 266 311 317 370 379 381 429 558 561 565 741 742 757 805 897 1169 1379
284 8 14 19 20 36 41 65 114 195 233 241 253 266 276 294 384 459 473 478 537 550 554 575 577 578 581 583 703 825 1111 1307 1326 1437
285 17 418 656 1413
286 49 68 75 276 279 383 384 396 401 432 437 439 440 446 450 498 500 502 503 513 518 630 666 698 724 805 1000 1001 1005 1011 1061 1129 1156 1349 1438 1439
287 29 47 133 140 144 146 149 159 164 168 169 171 181 244 247 252 254 260 301 304 316 321 488 495 561 572 720 745 748 752 1379
288 7 12 50 76 82 96 105 142 144 211 307 338 364 469 663 795 832 1188 1242 1440 1441
289 29 190 194 200 203 364 959 962 963 964 966 1121 1442
290 58 60 282 291 450 455 497 498 499 501 504 505 666 685 696 697 722 1115 1159 1208 1265 1309
291 29 58 92 118 144 146 177 183 196 247 252 258 277 278 366 368 529 573 666 742 808 1003 1166 1240 1243 1315 1347 1443
292 5 12 28 29 42 68 79 85 92 98 99 100 101 142 144 158 169 172 195 218 260 266 286 298 299 307 345 364 372 379 386 540 589 699 703 714 806 956 1201 1399
293 19 75 83 195 202 268 269 288 384 397 415 497 567 598 615 618 882 916 1104 1130 1174 1208 1374 1444
294 49 88 92 98 104 233 286 334 356 384 403 404 464 473 474 486 498 523 597 663 666 697 724 768 797 1000 1114 1376
295 14 29 34 51 86 133 142 143 146 149 160 172 179 186 252 260 298 300 307 313 319 320 379 393 484 558 563 636 711 791 956 980 1351
296 83 198 393 432 506 527 536 644 652 801 1061 1088 1174 1364 1401 1426 1445
297 6 7 28 74 94 177 188 229 377 542 612 651 663 679 681 813 1017 1040 1228 1252 1301 1319 1424 1446
298 383 396 437 446 448 453 457 459 499 505 520 609 674 693 694 696 697 783 805 858 932 950 1002 1005 1011 1154 1341
299 29 133 136 139 144 149 159 169 172 244 247 250 252 254 260 300 320 321 379 427 432 489 565 598 721 1224 1379 1412
300 49 66 383 384 387 396 401 442 455 498 499 501 513 523 597 613 617 693 694 724 883 931 999 1115 1132 1251 1265 1447
301 17 60 283 289 477 834 851 857 1100 1107 1192
302 14 101 118 130 132 136 138 143 149 158 160 161 168 170 174 179 195 196 255 258 263 298 309 316 490 494 516 665 741 784 953 1111 1180 1191 1229 1239 1243 1301
303 4 14 18 29 59 100 132 133 139 144 172 173 181 199 252 260 304 321 370 662 703 897 938 968 980 1050 1226 1380 1396
304 12 29 61 81 98 104 133 174 195 212 218 235 310 473 486 534 571 592 593 595 602 664 715 880 924 1196 1197 1229
305 4 12 14 18 29 34 43 92 100 131 132 133 136 139 140 142 146 153 158 172 181 219 265 298 308 372 377 379 488 524 525 593 764 844 1052 1187 1263 1395 1448
306 45 68 101 118 133 139 144 149 162 165 174 179 244 247 252 277 313 361 364 366 370 375 379 381 429 486 563 630 666 747 750 754 935 1122 1301 1449 1450
307 29 133 135 136 144 181 187 199 252 260 277 297 299 301 317 364 367 373 534 558 631 784 938 1024 1247
308 4 34 59 99 101 117 129 134 135 136 145 146 148 154 158 159 174 196 252 315 372 377 381 389 579 666 751 756 784 934 955 956 1014 1114 1451
309 4 14 34 69 122 133 134 135 136 139 144 146 149 160 161 165 170 195 199 241 245 252 263 296 379 489 757 785 1229 1365 1452
310 28 50 68 79 96 97 98 104 195 198 284 391 462 464 473 506 522 589 652 654 658 697 719 767 768 782 880 916 919 1006 1106 1353 1436 1453 1454
311 4 12 29 50 63 115 118 120 125 130 132 136 139 144 158 164 175 196 242 244 263 327 361 364 372 381 494 520 811 897 1019 1114 1227 1455 1456
312 17 48 55 68 75 108 195 266 287 380 408 410 456 567 594 795 816 822 1031 1099 1130 1249 1412
313 453 496 498 521 693 694 695 697 768 777 778 949 998 1132 1406
314 14 28 29 35 49 68 79 131 132 205 241 334 401 410 498 593 696 749 858 862 1000 1115 1162 1202 1253 1349
315 4 14 29 118 132 133 134 135 136 137 138 143 144 146 149 159 160 169 170 173 174 179 196 199 247 277 296 304 311 315 316 317 364 370 379 381 495 897 935 1054
316 4 14 29 98 114 118 132 136 139 143 144 146 161 169 174 177 219 244 247 252 292 298 307 372 379 473 486 489 785 1457
317 536 655 902 904 942 1360
318 11 17 19 28 29 42 43 45 46 49 55 68 83 92 98 219 225 319 334 391 460 466 486 571 585 589 621 663 714 850 924 1125 1272 1306 1457 1458
319 98 104 383 384 396 401 432 455 464 499 501 521 540 603 666 687 698 733 863 883 916 999 1000 1001 1115 1139 1265 1266 1337 1418 1419
320 44 217 228 468 524 553 587 620 627 699 700
321 5 14 18 42 68 83 139 219 224 299 319 322 380 410 532 571 700 714 715 767 790 795 972 1064 1078 1453 1459 1461
322 4 8 14 29 34 55 83 85 100 101 104 133 144 210 218 219 239 252 312 315 459 466 486 540 571 589 621 624 663 719 727 773 925 1069 1156 1200 1369 1453
323 12 101 195 198 209 210 260 266 268 291 397 448 537 567 598 618 640 701 721 748 801 872 874 882 1156 1157 1401 1438
324 29 132 137 142 146 149 152 161 162 168 179 242 247 252 277 298 366 375 379 490 566 750 809 956 1150 1201 1462 1463 1464
325 39 101 219 232 410 445 560 710 715 873 922 983 985 986 1064 1065 1066 1201 1466 1467
326 4 14 29 47 118 132 135 136 137 144 145 149 153 162 164 166 179 180 181 241 247 251 252 317 361 379 423 424 481 488 490 764 937 1054 1180 1229 1365
327 46 55 85 101 104 138 141 144 165 166 177 277 278 311 317 364 366 376 381 558 559 562 570 593 710 967 1073 1082 1226 1396 1464
328 7 29 100 132 133 137 139 144 146 149 169 174 177 228 252 257 277 297 305 309 311 316 317 366 379 381 529 540 558 610 614 751 1068 1202
329 119 131 132 133 136 139 142 144 149 157 166 168 172 173 174 179 196 247 254 263 264 277 301 315 370 494 561 746 747 791 898 899 1153 1468
330 29 68 118 132 133 136 139 143 145 155 157 159 166 174 179 195 196 199 251 298 301 360 370 379 791 1378 1422
331 12 29 55 68 69 99 133 144 150 167 169 177 195 206 209 247 250 252 266 275 281 310 317 321 365 372 381 489 565 699 701 703 756 771 935 1073 1157
332 250 413 437 631 638 640 643 645 781 873 983 985 1083 1466
333 8 19 25 82 100 107 139 217 223 233 334 337 380 541 600 621 700 715 834 887 913 922 926 1176 1273 1287 1314 1440
334 5 17 48 83 108 212 260 337 348 386 532 571 600 602 712 714 715 729 767 819 852 1071 1101 1293 1355 1461 1469
335 0 8 9 15 19 20 31 65 476 541 545 548 550 753 887 888 895 1152 1338 1407
336 492 819 1043
337 4 29 118 129 131 132 133 134 135 136 137 139 143 146 147 148 151 152 153 161 163 174 175 177 179 186 247 286 298 311 315 361 379 494 662 745 751 844 1397
338 12 68 75 98 99 100 101 149 165 210 215 250 263 277 279 313 364 371 376 389 523 589 660 664 719 782 808 953 1164 1166 1240 1241 1400 1404 1470 1471
339 61 68 101 268 274 276 277 345 384 430 434 456 462 499 540 564 629 636 773 783 805 808 876 984 1104 1157 1181 1351 1472
340 42 46 48 49 68 87 88 105 230 346 349 356 393 626 797 822 836 896 993 1018 1289 1300 1429 1473
341 31 796 1291 1469 1474 1475 1476
342 2 24 42 88 94 104 212 223 342 346 347 390 407 466 470 594 610 611 723 822 996 1097 1211 1290 1441 1458 1459 1469
343 55 83 84 85 165 210 222 250 268 277 280 313 381 437 438 486 540 571 628 630 642 652 664 925 969 1000 1176 1231 1237 1245 1351 1477
344 52 211 212 217 240 465 470 472 583 588 596 820 835 869 973 1047 1214 1249 1369 1428 1478
345 46 76 83 86 90 96 100 218 223 313 346 349 372 524 571 592 657 699 973 1017 1044 1063 1069 1070 1123 1177 1350 1359 1370 1395 1432 1479
346 7 12 22 29 42 51 53 70 89 93 97 169 185 186 219 266 282 286 306 311 346 463 484 579 591 592 663 699 706 753 874 1077 1249 1263 1453
347 19 20 41 46 282 411 523 581 598 666 696 820 851 855 1115 1176 1314 1326 1327 1480
348 29 57 111 195 267 268 270 273 277 281 291 293 311 398 529 537 579 702 874 884 932 1092 1136 1157 1199 1275 1324 1341 1481
349 14 18 29 34 51 100 132 133 135 136 139 144 146 149 160 166 170 175 177 181 307 370 483 494 561 703 742 751 784 897 935 960 962 979 1050 1073
350 49 104 384 453 498 670 672 687 688 693 697 732 775 797 855 1105 1265 1406 1418
351 60 66 68 97 281 436 442 497 498 499 502 507 509 510 522 615 684 685 690 691 722 724 791 800 805 916 918 927 930 1013 1042 1091 1281
352 14 22 45 49 58 65 92 98 101 104 115 116 131 195 266 306 323 329 345 404 523 529 565 611 663 666 724 726 727 734 943 1001 1002 1057 1219 1349
353 14 47 118 131 132 133 135 138 139 140 151 157 159 160 161 164 166 167 173 179 181 242 251 261 298 316 490 494 573 787 788 789 963 1169
354 1 127 172 339 350 713 793 920 1382
355 5 12 28 42 54 69 79 93 100 101 107 137 174 187 214 247 277 278 311 319 365 376 379 410 423 484 525 534 576 589 738 773 795 844 1196 1203 1209
356 5 29 55 61 69 90 99 101 133 135 136 144 146 147 158 160 162 165 174 177 195 199 250 252 258 277 292 364 365 366 370 375 381 529 566 664 701 756 1042 1073
357 5 12 49 177 210 282 384 397 523 540 692 719 810 832 883 1001 1132
358 14 45 55 80 98 110 115 121 123 145 146 158 224 229 489 621 792 956 987 989 1050 1483 1484 1485
359 99 133 195 196 208 292 383 393 397 450 492 505 518 520 540 810 819 823 932 1031 1407
360 14 29 132 133 136 138 139 140 143 144 146 149 151 157 159 169 172 174 175 199 205 247 252 260 296 316 364 429 489 558 561 572 662 747 897 1180
361 111 195 246 258 266 268 273 371 417 440 566 630 632 643 872 874 1025 1092 1155 1427
362 12 14 29 42 45 72 115 118 132 133 135 137 146 158 165 174 177 187 196 206 210 245 250 278 364 372 383 486 494 543 586 589 590 751 753 1487
363 5 12 68 79 82 83 85 98 104 266 272 319 322 323 402 404 523 525 541 586 589 635 646 661 726 728 753 998 1002 1179 1265 1279
364 49 111 114 603 698 724 808 838 839 845 1001 1114 1400
365 75 92 195 281 291 293 387 419 439 455 457 459 498 499 519 567 598 615 674 676 694 774 779 882 916 1011 1012 1292 1374
366 14 17 19 24 108 184 395 478 577 594 598 711 713 824 853 854 979 1214 1422
367 0 15 19 20 36 41 42 54 68 104 219 277 286 295 319 505 523 534 550 577 579 598 666 669 1007 1187 1192 1193 1194 1198 1217 1261
368 2 19 24 28 42 49 76 79 83 88 89 96 97 98 103 108 233 239 306 334 386 486 540 567 593 601 658 711 715 763 792 837 838 842 860 919 1046 1363
369 29 133 134 135 136 138 139 144 146 153 154 157 160 167 171 174 176 181 207 242 247 251 252 298 315 379 495 534 561 664 735 750 751 785 789 953 968 1014 1183
370 14 29 47 132 133 136 137 139 143 146 149 153 158 160 166 174 247 250 252 260 301 304 317 360 366 379 490 534 558 559 561 720 735 750 954 1196
371 29 101 104 133 210 252 260 272 276 277 279 309 310 383 462 506 543 569 607 639 719 768 782 808 861 1158 1167 1230 1297 1403
372 49 88 98 101 104 286 383 384 396 401 404 453 455 457 459 464 500 515 516 523 540 666 676 692 694 695 697 698 724 774 776 859 863 865 1000 1002 1120
373 14 29 132 135 136 144 199 244 250 252 267 276 277 282 297 320 365 370 381 560 561 580 590 700 963 1193 1226 1359
374 85 174 195 198 210 222 263 384 540 569 629 636 641 689 692 719 805 812 1000 1182 1237 1343 1368 1401 1427 1487
375 4 14 16 29 118 121 129 131 132 133 136 139 140 143 144 153 155 157 159 166 170 172 180 265 298 300 316 494 561 787 987 1468
376 66 68 98 191 283 342 500 515 527 603 723 725 732 733 928 929 977 1039 1091 1212 1268 1311 1322 1387 1393
377 2 8 11 23 25 76 81 108 225 305 312 349 394 470 582 621 714 718 796 869 922 1232 1283 1293 1459
378 19 22 36 83 98 99 306 386 589 703 767 918 919
379 14 29 45 46 65 68 99 101 139 142 145 146 172 254 265 266 292 298 314 317 320 334 383 403 523 703 724 766 791 863 979 1150 1190 1278
380 206 250 280 371 374 562 563 633 647 649 1073 1090 1182 1370 1463 1464 1489 1490
381 124 128 172 260 271 300 489 741 791 799 980 990 991 992 1148 1233 1382 1485 1491 1492
382 14 29 34 45 83 136 139 149 161 168 231 241 250 315 319 332 364 379 464 486 791 837 838 839 842 982 1201 1221 1300 1391 1400 1448
383 4 12 14 16 28 79 92 100 101 132 136 139 142 145 146 147 149 154 158 170 172 195 247 252 299 320 359 372 379 404 485 486 742 748 750 791 953 1259
384 4 14 45 117 130 133 136 139 142 144 146 149 156 157 166 174 176 179 199 250 277 299 311 315 317 319 361 364 370 376 486 495 529 558 560 568 746 843 955
385 14 29 45 101 118 132 133 135 136 142 144 149 158 160 161 170 174 181 199 241 277 296 298 307 315 319 363 364 365 366 370 372 379 481 486 534 745 785 935 1247
386 48 407 822 942 945 1094 1110 1138 1251 1291 1360 1465
387 4 12 45 53 118 129 131 132 133 135 139 140 142 143 144 145 149 154 164 179 220 224 247 260 319 379 488 494 495 561 572 662 706 788 827 899 956 1052 1177 1297
388 5 29 42 87 90 100 193 222 224 349 353 355 364 484 589 599 658 662 796 903 905 910 1016 1017 1087 1143 1177 1210 1350 1493
389 45 47 110 118 129 131 132 133 139 143 149 151 152 157 159 168 172 173 179 254 304 317 360 489 494 565 744 787 900 1271 1379 1396
390 4 14 34 47 53 59 118 174 175 359 481 570 753 1320
391 14 18 29 45 59 114 132 133 139 142 143 144 146 149 154 157 161 167 168 170 174 179 186 196 247 254 260 264 298 315 316 379 486 489 490 494 785 980 1180 1333
392 0 14 15 19 26 33 36 42 65 71 98 223 286 392 464 547 550 551 553 589 753 825 892 1055
393 10 19 60 75 101 103 291 384 419 439 453 455 497 498 500 515 522 529 598 609 674 684 690 722 819 932 1007 1115 1119 1132 1322
394 29 47 118 132 133 144 145 146 154 157 164 166 169 174 176 177 179 186 196 247 250 263 266 277 301 317 361 366 370 379 381 427 429 529 559 573 748 749 750 935
395 10 11 17 24 39 48 57 108 212 235 352 358 377 398 406 407 418 656 729 730 828 830 835 857 868 1097 1251 1355 1475 1476 1495 1496 1497
396 12 188 210 313 320 364 368 440 492 566 571 595 607 629 641 644 664 901 1074 1279 1304 1354 1359 1465 1487 1489 1498
397 0 8 14 19 21 22 26 37 45 46 51 354 481 485 541 545 547 548 549 550 551 554 555 584 1044 1058 1215
398 0 8 15 19 29 33 35 37 45 51 71 286 334 344 368 390 474 487 545 547 549 854 890 891 1152 1202 1310 1372
399 12 42 45 83 90 92 98 99 100 101 142 162 195 210 218 231 280 281 286 306 382 455 498 516 517 518 523 529 540 570 571 607 666 844 874 1000 1001 1115 1120 1436
400 92 96 170 195 266 269 274 276 277 309 310 311 313 432 440 564 590 607 648 801 805 806 880 884 1092 1130 1155 1185 1245 1359 1401 1402
401 281 419 459 497 502 567 598 676 722 856 858 1105 1108 1160 1208
402 2 5 9 82 103 104 227 329 334 339 407 723 886 997 1037 1170 1232 1234 1287 1375 1499
403 55 103 272 284 408 413 532 595 631 635 638 643 644 646 781 873 879 1064 1137 1138 1172 1466
404 14 19 36 54 99 218 223 233 306 323 368 403 404 462 467 470 516 528 532 588 663 699 707 724 731 1044 1072 1185 1280 1285 1422
405 29 118 133 134 138 146 166 174 180 182 194 199 241 247 277 309 317 362 491 1163 1235 1276 1379 1451
406 111 468 546 667 683 888 1152 1193 1307
407 126 127 128 260 300 717 791 799 980 1149 1150 1492
408 2 25 90 94 95 102 233 236 336 337 340 349 352 407 410 621 716 796 903 909 1018 1059 1123 1210 1287 1288 1289 1331 1499
409 7 8 11 12 19 25 96 99 100 103 108 219 305 306 390 460 527 540 588 598 609 620 711 714 715 796 1126 1447
410 9 22 61 71 93 153 360 476 489 546 553 554 576 577 699 825 856
411 6 40 49 56 66 88 98 108 283 388 473 499 500 515 591 656 846 1078 1114 1115 1457 1501
412 405 597 676 774 942 1037
413 0 14 19 41 42 46 50 54 55 59 65 68 98 104 286 334 404 472 473 474 485 550 554 578 581 602 707 724 816 822 825 854 891 893 1202
414 108 212 406 418 902 1071 1488 1497
415 49 66 98 103 191 197 283 323 356 383 384 396 404 473 498 500 524 604 696 697 722 768 778 1000 1002 1342 1360
416 40 64 66 191 283 383 462 479 654 659 666 697 698 723 724 729 733 768 929 1071 1322 1356 1387 1502 1503
417 68 101 132 133 136 139 144 149 162 165 166 169 170 174 177 179 183 195 244 250 252 256 277 317 364 365 366 370 371 372 379 381 429 566 570 743 807 935 1450
418 0 14 19 26 31 37 65 322 334 388 392 476 523 547 548 549 550 554 555 557 726 753 810 941 1030 1055 1056 1151 1325
419 0 8 12 19 25 36 42 45 46 54 55 68 96 98 103 223 228 233 238 286 322 323 470 532 533 541 707 715 863 1001 1201 1299 1317 1460
420 108 357 468 471 478 578 593 669 711 763 780 820 939 942 1037 1214 1425
421 8 11 24 25 39 41 68 103 108 208 238 291 337 407 471 579 608 609 628 651 668 834 888 922 1007 1038 1100 1186 1329 1480 1504
422 12 29 101 118 132 139 162 174 260 384 529 568 666 803 808 953 1165 1191 1405 1443
423 58 66 197 283 292 364 499 503 505 508 513 520 522 598 606 685 693 694 819 1000 1040 1318
424 14 19 34 45 49 68 85 98 100 103 132 139 170 174 192 196 225 239 266 282 286 287 291 313 317 334 337 383 384 386 523 550 593 607 664 724 725 753 1281 1465
425 58 75 384 387 396 442 498 499 502 521 666 693 697 722 724 858 862 863 974 978 998 1000 1091 1115 1130 1146 1160 1161 1162 1345 1349 1439
426 2 19 24 42 55 74 82 83 108 212 228 235 306 337 542 589 593 604 610 612 614 769 816 971 1001 1177 1314 1413
427 1 17 19 27 45 92 98 174 286 390 403 494 525 699 721 753 844 854 933 951 995 1094 1219 1305
428 42 46 82 91 95 223 286 334 343 344 349 390 464 466 473 492 726 800 886 909 1020 1040 1044 1086 1375 1441 1499
429 10 45 101 111 196 201 202 397 406 505 593 656 819 1019 1099 1221 1407 1444 1486 1505
430 12 46 83 90 96 99 100 213 218 380 391 404 464 473 700 701 710 770 970 1066 1123 1173 1306 1411 1506
431 14 19 28 29 42 43 68 76 79 92 95 97 99 100 101 103 218 234 306 386 391 410 532 589 594 620 700 707 710 714 715 765 766 773 912 1046 1436
432 14 132 133 136 139 144 146 149 169 174 179 196 199 239 247 252 282 292 299 315 317 359 365 373 381 495 505 559 593 845 932 936 1378 1435 1438 1507
433 613
434 12 133 158 174 334 390 481 485 597 612 661 706 724 753 754 844 886 890 946 979 993 1034 1040
435 10 49 55 60 66 196 219 258 268 282 283 292 383 384 386 397 436 444 453 463 486 498 520 522 602 605 608 697 984 1011 1348 1508
436 4 14 29 45 59 116 118 132 133 134 135 142 144 146 149 153 161 166 170 174 176 177 181 247 252 296 298 299 301 317 370 381 429 481 490 523 751 785 943 1244
437 42 45 49 74 76 88 98 101 124 172 223 232 260 323 330 334 339 343 384 393 402 404 464 473 614 658 664 724 1000 1010 1039 1084
438 4 5 14 29 47 58 76 99 132 133 139 143 144 149 164 174 199 247 260 266 277 304 314 316 319 489 558 703 715 748 749 791 805 954 1169 1396
439 29 132 136 139 142 144 154 158 160 187 224 296 377 486 764 1052 1187 1216
440 17 19 133 139 169 208 459 489 531 552 594 598 711 716 1328 1480
441 12 61 79 80 83 88 96 99 102 183 211 231 268 306 382 391 532 571 620 658 699 710 766 769 770 771 897 925 968 1076 1077 1209 1246 1280 1453
442 19 28 29 42 55 68 79 83 84 85 98 99 100 104 108 195 218 225 246 306 334 351 464 532 583 589 600 620 715 767 941 1412 1509
443 14 18 45 47 59 85 118 122 131 132 133 136 139 142 144 157 159 161 169 170 172 174 175 179 196 247 252 292 296 298 305 372 379 486 593 785 811 897 926 956
444 101 188 210 383 452 506 540 652 768 782 801 880 916 1088 1245 1353 1394 1401 1402 1403 1404 1445 1471
445 4 14 29 45 110 118 131 132 135 136 137 138 139 143 144 145 146 149 160 161 170 171 173 179 181 247 249 252 264 266 311 313 316 317 379 489 494 741 1222 1510
446 0 19 20 35 36 37 46 71 334 461 547 548 549 550 551 553 555 557 885 888 891 894 895 1151 1307 1336
447 4 12 14 29 42 98 133 136 139 144 149 165 219 277 298 299 305 321 364 365 372 373 380 410 481 484 524 534 559 561 589 593 662 841 861 922 1168 1297
448 5 14 29 55 61 68 96 98 99 144 149 196 210 231 266 299 346 364 391 598 600 613 661 662 664 715 719 728 753 843 848 979 1073 1087 1089 1509
449 1 14 19 55 58 68 76 92 208 337 401 459 523 534 851 855 1104 1107 1124 1177 1314
450 42 50 92 97 104 212 345 408 467 515 527 536 674 729 730 733 761 1038 1041 1049 1234 1430 1469 1512
451 4 14 29 45 115 118 131 132 133 135 136 138 139 144 146 149 174 178 179 181 260 296 301 316
452 122 137 144 162 167 174 177 186 199 242 247 249 252 277 313 425 658 661 662 663 664 747 751 786 809 979 1027 1270 1304 1451
453 42 68 82 83 96 97 100 111 114 212 218 219 240 345 391 400 473 524 571 589 608 615 658 724 727 733 769 797 910 919 946 1114 1187 1246 1266
454 49 68 73 79 88 97 98 100 104 218 286 322 383 384 386 404 453 470 540 659 692 694 698 727 733 797 883 1003 1114 1129 1330 1503
455 54 55 76 83 85 99 133 142 165 196 217 218 250 266 277 306 314 319 410 459 486 505 520 559 564 571 715 719 944 1201 1235 1388
456 40 49 97 306 331 383 384 442 453 455 457 498 499 500 514 515 519 670 671 672 692 693 694 695 698 724 776 777 778 1105 1129 1146
457 51 70 98 102 317 342 343 486 523 592 604 610 627 726 844 859 896 921 971 1078 1085 1236 1459
458 2 8 12 14 36 46 68 79 104 146 195 233 286 473 478 516 523 581 1114 1148
459 4 104 133 135 136 137 140 142 158 160 166 174 177 219 247 251 277 307 308 321 365 366 370 372 373 488 491 541 809 934 1190 1226 1270 1388 1451
460 45 118 130 131 132 133 135 136 138 139 143 160 161 166 174 177 179 296 317 379 420 423 424 427 572 573 961 1181 1229 1243 1365 1390
461 5 12 42 49 50 66 68 282 289 292 295 473 475 496 500 523 577 587 589 602 606 607 616 681 683 761 949 1154 1193 1480
462 4 14 18 29 118 133 136 139 142 144 153 157 166 167 174 187 196 252 260 299 301 305 315 361 364 365 379 381 423 486 558 559 568 791 803 897 935 956 963
463 4 14 18 22 29 45 59 109 110 115 121 129 131 132 133 135 138 139 143 146 149 153 154 159 169 170 171 172 173 196 254 258 264 265 298 379 489 494 988 1302
464 0 4 14 19 45 54 55 75 103 104 228 295 298 397 401 455 459 462 463 470 473 499 507 550 593 598 606 693 694 724 817 826 858 893 1187 1414
465 337 347 405 407 655 975 1096
466 4 14 63 118 130 132 135 136 138 139 143 145 146 160 162 174 193 194 196 247 296 298 361 379 420 534 568 570 784 955 963 966 1122 1180 1183 1190 1227 1229 1448
467 4 29 34 45 47 69 115 118 122 132 136 138 139 140 142 143 146 149 164 175 179 181 196 252 301 316 364 428 488 561 789 897 899 936 1153 1180 1226
468 12 14 29 45 47 61 100 118 133 136 138 139 142 143 144 160 165 166 181 212 261 262 364 374 379 534 662 664 699 701 720 748 785 819 935 968 979 1073
469 29 49 132 133 144 149 174 177 210 256 267 277 282 313 317 364 366 370 371 425 459 561 562 563 628 643 658 664 748 807 809 858 1001 1177 1335 1442
470 54 55 68 83 96 100 103 217 266 478 580 583 700 715 828 922 1186 1193
471 83 98 306 918 941 1241 1317 1421
472 68 92 149 195 258 260 266 268 273 276 277 281 282 284 313 318 366 431 446 505 529 542 630 692 702 805 874 1003 1092 1438
473 4 131 139 157 266 365 486 489 500 627 901 1261
474 12 42 49 76 82 99 107 218 228 232 233 306 323 344 345 386 462 464 470 471 473 479 527 540 600 615 637 715 763 796 819 883 916 918 1049 1060 1125 1290
475 28 67 189 208 270 281 282 290 291 293 419 432 434 450 529 567 618 628 629 685 721 805 874 883 974 1198 1208 1275 1346 1427 1513
476 11 12 83 88 94 95 99 100 266 338 345 349 380 540 571 692 715 765 767 796 910 1074 1126 1127 1177 1453
477 14 29 85 132 135 136 137 143 144 146 160 162 166 175 179 247 252 256 257 266 296 363 366 381 486 494 534 752 784 785 786 787 848 1198
478 25 28 79 98 99 172 218 232 306 600 637 658 661 710 794 886 902 1085 1210 1288 1375 1384 1515
479 19 29 55 136 196 263 267 276 292 295 297 317 393 440 459 486 505 534 542 587 590 643 652 663 805 806 821 982 1228 1235 1255 1414 1480
480 39 42 73 227 355 380 539 600 621 627 731 794 902 904 1046 1071 1289
481 4 14 29 118 122 132 133 139 142 144 149 161 162 174 179 196 247 252 260 296 297 304 316 364 370 379 425 427 429 486 494 558 803 953 1365 1450
482 19 75 104 191 195 267 270 383 498 501 504 507 511 513 519 523 667 685 688 693 719 851 858 999 1120 1297 1324 1406
483 4 11 19 29 46 60 67 68 93 108 270 384 478 577 578 581 719 866 888 1103 1130 1235 1274 1323 1362
484 29 85 144 174 195 218 224 266 272 277 278 309 310 371 452 540 566 599 633 636 647 648 880 1082 1134 1138 1185 1237 1324 1346 1368 1404 1477
485 49 83 86 96 98 218 219 322 349 484 700 733 734 887 993 1047 1069 1070 1123 1140 1173 1295 1457
486 85 101 206 263 268 270 273 276 277 309 310 413 432 440 498 540 562 629 630 631 632 634 635 638 642 644 664 704 805 874 881 1081 1119 1137 1158 1184 1335
487 75 188 198 210 268 291 300 309 383 384 396 401 440 446 455 459 500 540 566 567 603 636 641 645 666 697 724 797 989 1003 1068 1130 1223 1282 1405
488 4 14 122 132 133 139 143 144 172 205 247 252 265 301 303 317 365 372 373 377 381 486 523 559 561 703 897 938 963 1050 1051 1247 1273 1388 1396 1516
489 49 341 384 498 523 582 603 693 723 754 1034 1212 1268 1309 1337 1387 1393 1501
490 8 19 24 25 61 99 211 226 299 321 372 380 395 838 852 1078 1189 1242
491 4 29 133 135 136 137 139 142 144 145 146 150 161 165 166 174 177 196 244 247 250 252 277 296 298 301 364 366 370 379 427 490 565 570 664 750 897 1051 1416
492 83 92 98 256 257 277 313 371 376 440 562 563 568 571 633 635 638 641 647 649 664 803 804 873 1074 1080 1082 1090 1245 1403 1463 1464
493 14 47 59 70 122 175 359 753 946 948 952 1178
494 10 14 17 19 29 43 47 69 132 133 136 138 139 140 142 143 144 151 161 169 170 171 179 181 207 254 260 308 316 364 379 489 581 594 743 745 854 1043 1068 1170
495 4 29 59 116 118 133 146 153 169 196 241 258 268 286 292 317 368 379 385 529 660 665 751 784 814 935 951 1001 1014 1163 1166 1181 1183 1239 1405
496 14 29 45 49 63 70 92 98 132 133 136 144 145 174 254 286 306 345 364 368 379 402 523 565 726 736 742 757 836 897 946 947 979 1028 1050 1179 1190 1422
497 28 29 104 118 133 136 144 145 149 164 166 177 247 250 277 312 345 364 379 467 520 559 561 606 735 742 750 806 883 961 962 963 1051
498 4 29 132 133 135 137 138 139 143 145 149 153 169 171 174 177 178 247 254 260 304 316 318 364 370 373 379 489 495 558 561 746 748 751 897 935 1380 1424 1517
499 12 14 19 20 29 36 41 46 61 103 122 132 195 201 228 241 266 271 273 286 334 393 524 550 578 581 594 598 703 825 850 1320 1409
500 0 2 7 8 14 19 25 35 46 55 217 223 334 548 549 550 553 554 587 627 653 813 820 893 894 1152 1211 1213 1214 1249 1307
501 1 49 64 78 88 341 345 356 383 384 388 390 399 404 470 473 540 609 666 697 698 723 724 727 732 797 800 846 860 883 1129 1135 1387 1420 1429 1433
502 7 11 12 17 19 29 42 48 61 68 83 89 96 100 103 212 217 286 310 368 500 507 527 579 589 593 598 607 608 620 664 700 703 929 1249 1506
503 12 86 90 206 212 235 277 475 569 583 708 714 763 830 1021 1063 1249 1303 1308 1440 1463 1490 1507
504 29 55 68 69 80 85 133 135 172 174 192 195 196 206 209 258 268 270 276 277 292 310 311 365 459 529 590 629 701 702 756 872 879 1156 1157 1237 1347
505 49 66 98 306 436 498 499 515 518 598 612 615 693 697 800 823 977 1036 1061 1065 1091 1106 1108 1160 1214 1311 1342 1444
506 49 97 98 103 218 228 323 334 345 346 386 463 464 465 479 498 499 523 603 609 650 697 724 728 765 797 822 918 920 1125 1336 1382 1518
507 66 384 453 499 514 515 615 675 693 1010 1108 1161 1342
508 28 36 49 58 75 79 98 201 309 326 332 384 396 473 523 590 727 728 931 971 993 1141 1145 1147 1502
509 66 75 345 383 384 387 433 448 453 455 457 498 502 514 517 519 598 654 670 693 694 695 697 775 776 777 974 1011 1105 1131 1132 1146 1292 1447
510 12 29 85 99 100 132 139 144 149 184 254 277 280 287 336 432 529 614 631 632 642 648 701 791 805 984 1088 1297 1308 1359 1449 1508
511 14 47 122 132 139 144 175 178 179 308 360 490 494 788 1176 1451
512 29 47 115 132 134 136 139 140 142 157 173 174 250 303 364 488 494 495 743 787 933 1271 1274 1510
513 5 12 55 63 69 201 211 212 235 240 358 374 699 716 816 819 1064 1134 1249 1250 1253 1415 1479 1519
514 19 44 46 55 60 238 277 283 292 345 580 678 679 681 683 780 820 1154 1252 1413 1414
515 14 45 115 308 379 459 481 1117
516 17 28 49 50 68 92 98 222 286 334 383 402 404 470 523 597 611 661 698 726 728 832 864 890 1170 1179 1236 1457
517 8 46 60 65 79 98 191 223 225 287 339 386 391 393 465 547 548 587 593 594 598 621 711 726 820 865 1044 1192 1193 1214 1306 1506
518 109 121 124 129 152 157 159 395 793 987 1381
519 76 118 132 136 146 177 184 186 286 388 393 403 483 897 1014 1029 1035 1259 1417 1451
520 42 82 98 114 188 326 327 330 399 918 1088 1143 1446 1503
521 7 8 14 21 24 26 46 54 55 61 68 108 319 334 354 460 464 547 548 553 555 582 588 620 767 825 894 1078 1195 1307 1395
522 19 20 36 42 46 79 82 98 104 211 334 384 442 462 463 473 487 515 540 607 609 615 677 679 683 846 1002 1111 1252 1259 1326 1367
523 12 42 55 68 73 76 86 87 94 96 98 104 212 220 222 223 226 232 346 353 368 466 599 702 709 763 795 905 1016 1210 1211 1279 1289 1350 1359 1375 1493
524 0 8 14 19 21 24 29 65 76 83 92 118 133 145 153 188 233 286 306 334 390 393 403 460 542 545 550 589 591 663 700 710 796 1269 1455
525 4 12 14 29 45 118 130 132 133 136 139 141 142 145 146 149 157 169 183 196 247 252 254 311 359 379 486 757 837 1168 1181 1190 1315 1391 1397 1399 1520
526 45 124 128 132 139 143 149 171 172 260 300 318 489 516 663 748 791 799 988 990 991 1001 1491
527 4 5 7 14 29 43 51 100 132 142 143 144 149 153 161 170 174 252 265 298 311 364 423 424 480 662 785 956 968 1050 1163 1197 1200 1273 1277 1284 1409
528 4 14 29 34 45 47 61 132 133 139 142 143 144 146 149 153 160 166 177 247 252 296 308 321 364 429 550 703 720 747 867 1244 1274 1377 1388 1509
529 110 128 136 149 171 196 260 791 899 907 980 989 1149 1233 1382 1492
530 92 98 101 104 174 188 204 263 266 269 277 280 309 313 384 385 389 513 540 564 566 666 701 884 953 1003 1092 1164 1402 1403 1445 1470 1471 1472
531 10 14 17 19 22 28 29 43 47 58 65 68 83 132 133 138 142 149 158 169 172 179 266 286 311 379 459 516 565 581 589 602 662 703 715 721 819 825 849 854
532 0 97 465 479 486 850 852 1094 1461
533 0 8 19 41 46 49 61 65 68 79 93 99 104 108 233 306 473 478 579 582 593 699 825 833 850 1363
534 85 134 144 162 165 166 177 244 247 252 256 257 268 277 309 313 366 369 371 376 397 560 566 633 642 647 748 750 879 897 1080 1177
535 384 442 455 457 502 518 519 674 676 722 783 1091 1105 1109 1161 1321
536 12 66 80 188 287 345 395 415 430 432 611 654 719 756 1015 1076 1110 1282 1444 1486
537 4 27 29 45 47 92 118 122 132 136 138 139 153 174 459 498 524 614 674 719 920 980 1272 1284 1322 1338 1382
538 413 417 430 437 439 447 451 454 456 457 567 645 781 974 985 1060 1061 1172
539 48 55 68 75 100 101 104 174 266 270 272 277 278 284 310 413 417 432 440 567 618 630 646 816 873 1092 1107 1176 1460 1487
540 4 142 143 144 160 177 186 251 252 332 393 404 541 663 751 1026 1114 1147 1424 1451
541 27 34 68 83 92 99 114 145 196 224 225 260 291 372 459 571 767 769 917 921 1077 1111 1205 1437 1497 1509
542 383 388 442 502 519 671 672 697 1130 1159 1161 1360
543 12 40 49 52 66 68 75 90 195 260 273 281 285 288 290 387 396 419 431 439 443 540 732 916 1092 1136 1207 1348 1512
544 29 47 130 132 133 136 139 144 160 166 168 177 183 242 244 247 252 260 277 317 361 379 423 427 429 565 736 737 742 748 953 980 1033 1443 1449 1468
545 29 45 118 133 144 146 147 149 158 168 174 176 179 183 195 244 250 252 260 266 277 304 364 369 427 489 750 756 808 845 1054 1190 1415
546 0 4 14 43 45 68 101 136 143 238 249 396 459 486 488 520 528 567 593 594 598 612 722 757 761 805 851 854 1094 1171 1175
547 45 101 132 139 144 146 147 162 174 177 242 244 247 252 254 264 366 369 370 374 427 490 647 739 814 1033 1358 1422
548 45 49 58 62 68 75 85 92 99 104 114 195 260 268 274 286 310 383 384 413 446 615 616 630 635 666 697 719 724 797 805 879 916 1120 1138 1237
549 49 283 384 396 442 453 497 498 499 500 501 502 503 505 508 509 518 519 521 522 652 684 685 687 688 690 695 697 724 776 927 1132
550 0 8 19 51 65 79 223 233 334 390 470 473 475 550 554 555 582 587 597 768 780 888 1037 1044 1055 1088 1152 1215 1255 1307 1423 1454
551 4 50 132 133 143 145 151 158 164 165 169 174 176 179 252 277 319 360 364 370 381 486 489 699 756 790 847 1358
552 12 24 73 108 397 602 833 844
553 40 48 127 279 415 518 589 611 1013 1060 1137 1172 1286 1430
554 29 68 75 84 92 212 384 386 391 469 523 618 715 765 795 925 967 1071 1125 1211 1260 1266 1515
555 4 14 18 29 132 133 135 137 140 143 144 145 149 153 154 158 174 179 186 196 201 292 298 307 333 379 482 489 494 505 523 1180 1407 1451
556 42 46 49 79 84 86 89 92 98 100 104 210 222 306 307 334 384 386 393 524 540 542 588 705 763 772 922 1369
557 1 2 12 19 24 42 66 68 79 97 103 107 108 191 212 228 345 355 437 439 454 455 457 466 518 615 698 847 927 929 977 1311 1421
558 453 673 1127 1360
559 392 663 1034 1129 1258
560 4 14 29 45 46 73 99 100 132 136 139 142 144 160 167 174 219 225 242 247 265 296 299 372 380 410 571 620 699 715 790 908 972 1045 1077 1236 1289
561 25 68 225 234 238 305 312 380 481 547 550 579 621 627 677 700 712 831 1046 1050 1066 1216 1362 1372 1388 1440 1483 1484
562 5 11 12 29 83 99 100 132 133 142 144 149 181 218 247 299 305 319 364 379 488 589 593 600 706 715 720 790 897 967 968 972 973 1216 1273
563 80 99 188 212 226 336 340 356 393 404 699 733 772 827 995 1114 1456 1522
564 55 61 75 83 85 103 198 258 268 272 273 276 284 291 309 310 336 437 439 446 529 537 607 618 699 702 756 805 874 883 884 1011 1136 1138 1303 1481
565 258 281 384 387 442 448 450 455 499 500 514 519 567 615 674 688 692 694 695 775 776 805 1011 1012 1068 1105 1106 1119 1205 1292 1437
566 4 19 29 55 118 123 132 136 139 143 145 155 157 159 163 173 179 254 264 316 410 486 745 791 898 987 1224 1225 1269 1381
567 198 212 246 523
568 28 42 68 83 84 90 98 99 100 210 218 223 224 225 233 334 349 372 589 602 625 699 700 710 763 767 770 773 915 956 1123 1286 1313
569 14 29 34 85 132 133 135 136 142 144 174 177 197 247 266 277 315 317 372 379 389 481 486 505 520 606 766 932 963 1040 1087 1177 1194 1341 1435
570 4 68 129 132 133 134 135 136 138 139 144 146 154 164 177 179 195 203 266 277 364 365 366 488 809 819 962 964 1082 1407 1435 1449
571 40 42 46 49 74 86 88 98 101 103 105 223 227 228 277 286 334 337 347 353 390 459 464 466 527 593 609 658 876 886 929 1041 1044 1084 1523
572 24 40 42 44 49 64 66 68 79 89 97 98 104 239 283 287 346 462 466 535 603 608 615 698 723 725 1084 1268 1309 1322 1392 1419 1429 1473
573 19 33 42 49 70 100 101 108 195 196 212 334 364 388 393 497 523 540 550 679 687 702 780 816 1077 1323
574 8 42 79 96 100 211 212 224 232 407 410 484 625 626 710 711 905 908 912 1046 1047 1049 1249 1290 1369 1388 1478 1524
575 10 49 50 112 201 498 503 504 505 508 515 522 523 686 687 690 823 832 949 1031 1178 1311 1363
576 2 8 11 12 19 25 28 42 61 68 83 86 96 100 212 225 228 233 235 238 306 340 578 591 600 602 661 712 912 925 1071 1075 1478
577 12 24 42 49 50 83 88 94 96 97 98 99 216 218 228 231 334 382 383 404 470 473 540 589 661 663 724 839 1006 1145 1394 1525
578 12 42 61 63 68 75 88 90 96 98 99 100 101 104 218 231 286 383 384 385 386 391 397 498 499 523 540 593 693 698 699 719 727 767 769 883 925 930 1000 1525
579 4 83 118 131 133 135 136 137 138 139 140 142 143 144 149 153 154 166 167 179 181 247 252 277 298 309 311 365 379 486 494 534 538 745 809 933 1050 1177 1201 1272
580 12 28 61 85 92 101 195 218 285 309 432 437 439 441 443 457 540 781 805 1001 1068 1174 1241 1347 1445
581 12 29 63 65 98 100 118 154 174 177 206 244 277 309 372 374 388 403 516 523 611 664 751 753 812 897 1219 1237
582 12 46 68 79 83 88 107 212 223 229 236 286 384 402 470 473 725 727 733 784 973 1135 1140 1219 1289 1420 1519
583 4 14 27 29 45 47 68 115 122 132 133 135 136 138 139 140 143 145 153 179 182 247 251 379 523 752 1032 1380
584 46 58 99 286 345 356 383 387 404 462 463 464 465 498 499 516 523 540 694 733 768 800 865 918 1001 1002 1113 1139 1246 1265 1460
585 4 18 47 118 131 132 134 136 138 139 140 142 143 144 145 152 157 160 166 170 174 177 179 206 241 247 251 252 260 296 311 316 317 364 379 490 662 788 1122 1380
586 5 11 39 56 169 199 201 212 302 395 531 706 714 716 1042 1043 1071 1283 1293 1521
587 45 49 88 92 98 322 334 382 399 401 404 473 499 500 523 663 697 698 723 724 733 858 947 999 1000 1002 1115 1139 1140 1146 1265 1356 1429 1446 1503
588 52 68 99 101 133 162 165 174 195 207 241 262 263 276 309 317 366 493 566 570 636 699 701 704 897 976 1237 1238 1408 1449 1487
589 122 286 324 326 327 330 331 392 663 1114 1142 1171 1179 1501 1503
590 0 2 29 33 45 55 76 93 132 223 228 229 322 346 364 373 588 592 626 661 710 772 796 1048 1202 1273 1369 1523
591 12 40 42 61 68 98 100 212 222 224 233 240 345 349 358 527 602 608 611 699 841 1177 1319 1495
592 10 34 98 138 327 398 486 523 734 857 869 946 947 951 1263 1455
593 45 47 69 132 133 136 139 144 162 168 169 174 176 177 195 242 244 247 252 254 260 277 301 311 364 366 374 375 379 423 427 489 558 565 570 746 748 750 1379
594 2 7 42 46 48 79 90 103 108 223 228 233 349 352 358 412 525 593 729 763 828 834 995 997 1078 1100 1214 1316 1331 1428 1478
595 68 75 92 195 270 281 282 345 384 431 432 436 439 450 455 457 498 500 515 518 522 529 540 685 691 693 874 930 974 978 1105 1136 1438
596 14 19 29 46 68 100 133 159 170 195 206 207 266 277 279 294 304 313 372 391 589 593 630 633 634 664 700 702 819 825 1205 1509
597 11 14 29 45 118 132 133 139 153 201 298 379 422 481 486 538 753 832 1180 1272 1273 1284 1338
598 42 75 79 108 195 281 287 567 598 607 608 615 628 651 805 882 977 1012 1041 1205 1513
599 49 66 68 101 191 276 283 292 333 384 397 492 523 532 537 567 602 608 614 619 723 816 819 1031 1184 1248
600 97 100 101 132 153 168 172 179 260 298 311 386 481 489 540 756 791 956 1381 1485
601 0 22 37 45 98 119 334 335 481 517 548 585 728 890 1056 1057 1112 1151 1202 1272 1284 1340 1349
602 68 83 103 195 200 219 225 246 266 411 459 534 571 816 849 1107 1175 1350 1372
603 0 7 42 61 65 84 96 98 402 548 550 581 621 703 714 720 797 825 831 894 922 970 971 1046 1124 1236 1307
604 4 14 42 118 131 136 137 143 154 157 163 179 182 186 193 201 242 251 253 266 296 316 361 421 423 426 488 751 785 787 925 963 966 1079 1121 1180 1276 1451
605 14 65 362 476 1276 1325 1380
606 73 1387
607 12 53 69 86 150 174 176 177 187 206 280 306 364 377 381 699 701 702 756 872 1134 1209 1253 1263 1302 1303 1315 1347
608 193 194 204 292 505 507 512 520 875
609 42 73 127 212 219 226 235 349 353 358 410 595 623 829 1211 1286 1319 1382 1432 1444
610 5 8 17 19 36 42 46 55 61 68 79 100 104 218 223 228 286 345 384 390 545 550 554 578 581 583 589 666 697 711 713 1044 1250 1421
611 9 19 46 68 73 98 103 104 233 342 459 472 475 593 598 610 612 820 1202 1214 1414
612 14 29 45 118 136 137 146 149 152 157 160 161 165 166 171 174 177 179 247 250 254 264 286 298 304 311 313 318 319 379 425 489 561 660 741 743 747 749 1462 1510
613 12 58 92 101 210 230 277 279 306 383 384 385 389 498 499 506 513 516 522 568 598 636 660 666 691 697 768 782 808 953 1167 1400 1405 1445 1450 1470
614 29 133 134 137 144 160 161 162 166 174 196 244 247 252 254 260 263 266 277 313 315 423 803 804 953 955 1025 1042 1167 1181 1196 1244 1247
615 5 12 25 28 42 51 61 82 83 99 153 308 319 391 486 532 571 575 600 700 715 760 897 901 908 924 972 1050 1052 1064 1216 1389
616 29 134 143 160 168 174 203 241 244 255 266 311 317 364 756 1027 1042 1054 1166 1278 1443
617 5 92 98 210 374 383 384 432 440 536 537 567 569 595 607 630 636 638 664 716 805 916 986 1080 1137 1158
618 12 28 188 196 258 268 345 385 397 398 526 529 540 567 756 784 805 808 1182 1253 1403 1445
619 29 132 133 136 144 146 181 199 200 247 250 252 297 298 301 316 317 372 558 741 745 746 749 897 935 954 961 962 963 1050 1121 1378 1396
620 4 29 38 118 132 133 136 138 139 140 143 144 145 149 164 179 193 217 219 252 303 305 321 363 364 372 377 422 480 488 552 897 963 966 1050 1051 1271
621 104 114 198 228 281 323 345 356 383 384 386 401 404 462 463 466 498 499 515 523 540 609 615 650 674 676 694 697 779 1000 1007 1161 1267 1343 1353 1366 1418 1454
622 29 133 153 498 519 522 617 652 672 674 694 775 778 779 911 1106 1342
623 12 45 68 92 98 104 115 117 130 258 286 345 359 364 382 383 384 385 389 498 516 523 529 540 660 666 737 756 843 1003 1298 1315 1400 1452
624 14 29 45 131 132 133 136 139 144 149 153 160 166 179 199 241 247 259 265 296 298 304 308 314 363 364 372 425 426 785 956
625 4 29 34 133 135 136 137 144 146 160 166 186 195 252 296 309 370 427 435 440 488 489 490 505 516 556 788 856 963 966 1043 1227 1305 1344 1379
626 52 55 82 85 100 189 193 196 266 267 334 413 459 598 629 630 631 644 699 1023 1067 1123 1138 1466
627 4 29 68 117 132 133 139 144 147 157 165 168 169 174 242 247 250 252 254 277 311 364 366 368 370 381 427 562 647 735 742 746 756 1163 1168 1240 1463
628 0 19 35 36 46 334 474 541 545 547 548 553 557 585 587 885 888 893 894 895 1151 1255 1320 1423
629 14 47 118 132 133 134 135 136 138 140 143 144 145 146 149 152 160 164 166 168 169 173 177 179 252 254 296 298 316 370 379 381 534 558 561 935 1244 1396
630 14 29 66 75 76 82 88 92 97 98 103 128 144 174 177 252 287 291 322 345 383 384 453 464 498 499 527 672 697 724 768 791 916 956 1002 1053
631 0 7 19 30 41 53 55 68 98 233 238 266 462 478 523 528 540 547 554 555 581 583 593 620 677 679 702 703 825 1202 1326
632 334 404 472 473 475 512 553 585 587 619 652 693 765 780 817 859 888 1213 1255 1423 1455
633 4 14 17 29 36 61 63 68 83 85 98 99 100 101 132 136 158 174 177 179 187 195 196 210 218 222 241 252 286 306 366 372 589 666 701 897 968 1507
634 4 14 29 47 59 132 133 136 139 143 144 149 154 159 166 167 174 177 181 247 304 316 317 379 540 746 749 854 955 1054 1243 1298
635 4 14 29 51 100 118 120 131 132 135 136 139 143 145 146 149 174 175 177 201 247 252 298 308 316 317 359 379 421 423 424 429 488 495 589 593 956 1050 1358
636 11 17 29 34 55 80 108 118 132 133 136 139 142 144 145 146 167 172 174 177 181 219 252 278 283 321 372 379 395 505 561 598 1049 1050 1074 1249
637 45 98 332 547 612 661 663 726 728 753 755 810 867 1147 1151 1222
638 72 90 94 95 96 99 220 299 305 346 364 484 759 795 1018 1049 1213 1316 1334 1369 1375 1388 1460 1479
639 19 36 46 223 386 464 473 550 577 598 681 724 885 932 1152 1215 1326 1329 1339 1483
640 12 48 49 53 93 306 341 358 407 460 467 696 707 729 862 1002 1059 1097 1098 1162 1285 1488 1497
641 33 58 98 104 323 383 400 403 404 473 512 516 523 540 666 698 727 858 931 981 1001 1002 1111 1117 1140 1310 1345 1367 1457
642 1 2 5 6 11 57 108 170 195 276 405 407 418 594 656 792 853 942 1097 1098 1100 1101 1249 1327
643 10 14 24 45 63 110 118 132 133 135 136 139 152 196 201 265 292 398 534 593 606 663 819 833 946 948
644 0 19 35 58 71 223 383 384 461 466 498 540 545 547 548 553 557 582 616 692 693 697 698 727 858 886 893 941 999 1000 1002 1084 1139 1146 1267 1310 1501
645 47 69 99 132 134 135 138 139 144 147 149 165 168 169 172 174 177 179 183 195 244 247 250 252 254 260 300 304 311 318 565 748 789 791 979 1224 1225 1315 1379 1510
646 29 47 132 133 139 144 149 170 252
647 14 29 45 118 121 131 132 133 134 136 139 143 149 153 157 161 163 168 169 170 173 174 179 181 241 252 260 261 263 264 277 298 378 489 987 1377 1468
648 4 14 29 112 130 132 133 136 139 143 146 149 161 169 174 179 247 252 260 316 364 429 558 566 746 748 979 1051
649 128 144 171 172 174 252 260 300 741 748 791 799 980 989 990 1224 1491
650 5 29 118 134 135 136 141 144 146 179 195 241 263 301 364 367 374 420 482 492 493 649 751 1031 1040 1407 1444 1486
651 42 43 61 64 68 75 104 266 283 291 384 437 453 455 459 486 499 522 528 567 573 674 722 724 865 1008 1119 1161 1387
652 146 176 400 512 526 742 751 754 1034 1183 1269 1310
653 97 412 453 463 498 609 650 697 1038 1041 1256 1425
654 58 383 396 401 473 498 499 512 521 523 585 693 696 697 698 724 727 797 858 981 998 999 1057 1118 1132 1457 1501
655 8 19 42 46 54 71 104 158 219 223 228 233 344 394 464 466 541 587 763 768 801 866 1049 1152 1170 1187 1213 1230 1256 1297 1299 1426 1511
656 49 58 114 195 196 269 279 282 291 383 384 453 567 666 694 697 724 797 858 862 863 1000 1001 1002 1012 1034 1068 1115 1118 1206 1345 1439
657 80 88 93 152 367 391 460 681 769 790 796 1209 1440
658 4 29 47 118 131 132 133 137 139 143 144 145 146 149 152 155 157 160 163 170 179 241 242 251 254 261 264 265 296 298 420 489 745 757 785 787
659 0 19 35 46 103 238 267 469 475 547 583 758 850 888 895 1195 1198 1308 1333 1483
660 49 60 387 498 500 501 504 505 508 510 513 522 670 684 685 691 693 697 698 722 727 999 1162 1267 1437
661 12 195 266 274 284 287 310 313 367 417 430 432 437 439 440 443 446 569 631 637 641 644 646 648 781 873 876 881 1074 1082 1137 1138 1359 1370
662 4 14 45 118 132 135 136 137 139 142 143 145 146 149 153 154 160 161 166 177 179 195 247 252 298 301 315 317 365 379 486 488 490 558 784 938 963
663 2 5 7 8 19 25 28 42 55 68 83 107 108 347 579 593 621 715 795 908 922 926 956 997 1046 1195 1198 1201 1289 1317 1329 1460 1483
664 49 98 323 341 383 396 399 400 519 521 603 687 693 697 698 711 727 768 916 1001 1002 1115 1265 1267 1419 1504
665 48 49 66 70 98 104 158 283 383 384 388 393 400 404 498 515 516 535 544 600 611 617 618 666 693 724 727 768 931 993 1030 1115 1220
666 72 87 88 92 219 220 228 236 345 349 353 356 386 705 829 903 905 1177 1210 1371 1522
667 4 14 29 54 65 92 101 118 132 136 137 143 144 149 153 160 165 166 167 170 179 186 241 245 247 250 252 296 298 307 317 318 379 381 423 425 559 785 1180 1460
668 14 63 68 118 132 133 134 136 138 139 142 143 144 152 156 160 165 169 173 174 176 177 179 181 183 247 252 260 304 317 364 374 379 558 751
669 10 19 49 208 333 341 405 582 598 610 819 1036 1040 1338 1413 1502
670 139 140 193 194 669 956 963 964 965 1227 1272 1451
671 111 114 464 801
672 8 19 21 46 83 96 97 100 103 219 228 238 286 334 390 467 532 588 620 659 765 850 888 1044 1331 1363 1372 1458 1518
673 19 29 46 55 89 100 146 238 505 540 577 585 606 658 679 681 780 818 824 944 1177 1194 1221 1252
674 14 19 29 42 49 68 85 98 101 119 132 133 144 153 157 181 247 252 277 286 323 381 404 473 474 486 598 611 726 727 753 853 1030 1336 1383
675 33 40 49 59 65 66 68 279 281 356 384 403 431 439 446 457 462 463 498 702 732 846 874 1003 1008 1011 1068 1119 1139 1266 1322
676 14 18 29 51 122 132 135 136 139 144 170 244 252 266 277 297 298 379 525 534 662 703 788 946 951 1200 1221 1284
677 12 29 43 68 101 141 147 162 183 206 252 258 262 277 317 364 368 371 374 562 566 570 647 880 979 1163 1182 1237 1260
678 42 48 75 90 92 210 212 353 358 374 384 537 583 615 625 709 1021 1085 1249 1286 1355 1370 1469 1493 1512 1519
679 4 29 45 59 92 130 133 139 149 196 287 383 384 387 393 396 424 455 486 497 498 499 501 506 523 529 676 694 698 724 727 768 1000 1261
680 128 132 138 146 172 179 195 260 489 749 791 980 989 1383 1468 1491
681 42 55 75 79 86 97 98 99 101 104 210 222 223 228 287 291 322 323 345 386 393 404 459 466 498 523 537 540 609 615 666 715 717 724 865 916 1076 1088 1457 1511
682 98 341 383 453 455 473 492 498 499 504 514 515 519 522 674 675 689 693 694 696 697 724 727 776 858 1000 1034 1106 1129 1265 1267 1342
683 120 125 130 144 158 174 334 382 483 619 753 836 838 841 844 1177 1243 1358 1385 1433 1448 1522
684 5 12 42 45 47 61 69 85 100 146 165 174 195 271 276 277 284 286 309 313 383 432 459 566 590 629 647 701 708 719 721 741 880 1042 1092 1266 1303 1351 1372 1434
685 29 39 73 99 172 321 372 593 627 703 760 790 897 915 972 1050 1388 1412 1417 1516
686 14 29 204 222 241 359 379 505 552 571 685 708 957 963 1272 1350 1482
687 29 45 101 132 133 135 144 151 196 207 252 260 277 292 317 365 379 395 429 505 507 516 520 529 531 534 684 685 703 809 952 1322
688 5 28 39 68 258 277 281 284 288 290 306 407 431 434 446 537 567 630 805 884 901 1071 1155 1157 1159 1287 1346 1427 1513
689 250 252 284 374 417 437 440 446 595 631 635 637 638 706 781 873 881 1023 1061 1138 1281 1308 1466 1498
690 4 12 14 29 69 83 98 118 121 133 135 139 142 145 149 165 166 174 177 179 181 194 247 252 277 296 301 364 374 495 524 662 664 751 938 1163 1244 1269
691 24 42 74 83 103 104 218 219 233 287 323 337 407 410 414 415 462 527 594 607 608 609 651 654 1064 1170 1211 1306
692 85 101 104 128 174 195 196 210 260 263 266 277 280 309 345 396 459 470 505 567 636 719 806 812 849 874 989 990 1012 1477
693 142 210 430 443 458 543 569 595 631 641 781 991 1081
694 14 45 116 118 169 177 186 403 404 512 516 517 523 697 724 797 863 1001 1002 1035 1120 1178 1278 1301 1328 1345
695 92 98 99 100 188 286 322 323 327 334 345 349 403 404 460 464 466 487 524 603 727 768 772 844 886 1086 1139 1202 1264 1310 1434
696 2 12 42 68 78 79 83 86 92 98 100 214 218 219 223 233 322 323 334 372 391 466 470 473 541 589 763 768 897 910 918 967 995 1078 1173 1213 1458
697 29 45 63 101 118 122 133 135 138 139 144 146 149 168 170 171 172 181 242 247 248 252 260 264 266 304 311 317 486 561 565 573 791 1379
698 46 55 68 75 142 145 177 192 211 217 219 223 266 268 278 294 306 321 366 404 417 440 459 552 599 648 661 663 701 703 731 771 790 873 985 1078 1210
699 14 52 54 55 69 79 82 83 93 98 100 107 141 146 170 214 217 219 223 229 233 286 308 311 317 321 334 368 379 410 466 583 589 600 620 662 710 795 956
700 85 92 98 101 104 130 195 196 201 277 315 382 383 389 432 506 516 523 529 540 660 663 664 782 845 865 874 953 1164 1168 1241 1399 1400
701 0 4 5 8 14 46 54 146 334 471 475 541 547 554 555 587 711 815 885 888 892 940 1046 1055 1151 1215 1483
702 12 19 20 46 65 68 71 92 98 238 266 286 289 295 335 476 477 523 555 575 577 581 582 583 594 598 663 715 780 826 968 1509
703 12 60 68 103 169 195 196 206 263 266 269 273 277 279 281 282 291 292 397 459 537 567 590 598 618 629 648 856 874 877 879 932 967 1136 1235
704 33 50 104 108 158 186 188 191 211 306 323 356 459 466 484 523 532 597 608 615 661 693 727 860 1044 1129 1139 1202 1217 1293 1295 1330 1386 1462
705 2 42 52 73 76 88 90 96 211 212 232 235 236 346 349 350 352 353 358 380 410 621 710 794 796 902 911 1249 1289
706 12 19 41 55 58 68 85 92 153 169 179 195 196 207 294 307 478 555 577 590 681 825 1089 1205 1307 1383 1437
707 50 101 166 174 177 244 247 260 277 296 366 369 374 395 404 427 570 748 750 751 884 1027 1262 1358 1415 1424 1464
708 0 19 45 48 55 65 68 83 103 225 266 306 334 397 532 578 581 589 766 767 1175 1409
709 14 29 47 69 100 101 136 138 139 144 146 149 153 161 169 195 199 277 298 311 318 359 379 489 534 743 807 879 956 1028 1042 1190 1328 1398 1462 1485
710 12 99 111 113 114 123 124 126 128 145 171 254 320 699 717 784 792 989 1149 1150 1224
711 58 279 396 499 504 512 693 694 696 697 698 754 931 981 998 1004 1034 1132 1265 1267 1337 1418
712 17 28 49 55 74 78 92 98 104 114 294 345 384 386 397 472 473 523 692 698 1076 1088 1143 1437
713 68 92 98 210 260 269 291 311 384 437 438 439 447 529 644 645 652 666 719 783 851 1104 1172 1232 1374 1401
714 4 17 19 20 45 283 308 334 393 459 473 475 583 587 668 680 696 711 780 820 1007 1099 1200 1509
715 4 14 29 115 118 122 129 133 134 135 144 146 147 154 157 166 167 176 177 179 183 247 250 252 265 277 296 311 321 336 364 374 459 1183 1381 1449 1520
716 14 29 45 46 49 65 133 260 292 312 383 395 476 498 505 523 727 787 818 853 1043 1045 1292
717 5 7 11 29 30 33 37 49 51 71 100 142 165 196 298 299 303 305 402 461 534 547 557 582 932 940 941 968 970 1297
718 29 118 132 134 136 139 140 143 145 146 149 151 159 164 166 168 169 170 174 177 179 181 199 252 254 301 311 316 364 365 366 379 427 494 558 565 572 750 956 1014
719 29 212 235 337 405 406 410 593 655 1093 1096 1097 1360 1461 1495
720 42 74 76 81 87 90 98 106 212 226 236 334 336 353 355 380 407 523 600 611 661 810 829 903 910 1020 1046 1085 1177 1210 1249 1281 1336 1350 1479
721 42 45 46 92 98 119 120 158 175 202 204 218 231 334 379 386 404 481 486 498 540 593 773 842 843 845 967 1079 1114 1264 1394
722 17 42 69 92 104 144 192 272 299 320 410 531 532 552 594 598 645 721 1172 1286 1314 1468
723 61 68 76 195 218 225 272 273 287 309 371 413 440 562 631 633 644 700 721 748 770 873 985 1045 1063 1064 1070 1073 1074 1308 1373 1409
724 0 14 45 98 101 104 111 291 306 335 384 390 396 459 516 585 661 666 719 724 725 726 727 858 916 1002 1030 1056 1111 1185 1215 1219 1295
725 92 124 128 129 136 139 155 168 170 172 254 260 264 384 494 529 697 741 917 920 1382
726 29 68 101 133 135 136 144 148 162 164 166 179 187 195 263 298 366 370 374 379 493 516 739 751 757 809 1178 1398 1449
727 0 12 19 25 28 35 46 61 71 76 79 96 100 218 223 233 266 286 319 391 410 474 532 571 579 601 703 768 888 894 972 1066 1506
728 68 75 85 195 196 207 210 225 266 279 291 309 413 464 516 529 567 598 628 630 636 652 664 858 1005 1023 1130 1157 1230 1281 1299 1306
729 4 12 14 29 45 68 83 99 122 131 132 133 139 140 149 153 169 170 179 252 299 305 307 308 311 317 364 480 489 523 753 1175 1180 1273 1284 1409
730 12 83 84 89 98 99 196 218 286 306 334 383 391 404 464 500 523 532 535 540 571 693 707 719 726 762 767 784 967 979 1073 1111 1179 1207 1414 1434
731 4 14 29 45 47 69 110 119 131 132 133 136 139 140 153 158 168 169 172 179 181 207 241 244 247 251 252 296 316 317 360 370 379 428 534 1272
732 14 133 136 144 174 177 252 750
733 75 191 281 387 442 450 455 457 594 674 676 977 1031 1091 1108
734 8 9 33 98 233 286 356 390 464 470 548 582 587 1045 1214 1215 1316 1524
735 49 58 68 75 100 345 383 384 387 396 453 455 499 500 501 503 504 506 508 522 618 685 686 691 694 882 1000 1002 1129 1132 1146 1239
736 14 32 121 131 175 327 328 871 893 1019
737 2 3 19 20 24 233 357 554 555 577 581 582 711 780 939 942 945 1037 1363
738 14 28 47 132 133 134 135 137 139 143 147 149 153 157 160 161 168 170 171 179 241 243 245 251 259 298 488 489 490 573 1489 1521
739 12 42 49 98 99 188 286 323 347 352 368 407 409 416 600 611 706 1096 1097 1098 1420 1475 1497
740 7 29 54 55 68 103 108 158 195 228 312 334 610 614 640 819 869 888 1089 1200 1214 1221
741 189 193 194 210 277 306 432 531 598 652 875 880 959 962 1008 1227 1460
742 4 14 29 61 100 132 144 146 161 169 174 181 219 296 299 307 315 319 373 379 389 525 567 570 703 795 935 1050 1177 1189 1201 1226 1397 1403 1521
743 14 29 43 47 68 132 133 139 144 145 146 149 161 166 169 174 179 196 252 254 266 301 304 311 315 317 423 429 559 561 573 598 741 746 747 749 757 938
744 174 196 534 598 1261 1505
745 75 85 195 413 415 419 434 439 441 443 454 455 458 494 499 518 521 537 567 598 666 698 977 1346
746 2 7 12 17 24 42 72 74 99 100 102 108 225 235 236 287 300 352 407 486 539 593 715 760 790 868 922 1150 1363 1461 1488 1495
747 29 61 99 100 101 144 160 162 168 174 210 241 247 257 260 277 313 361 366 371 376 381 560 566 570 571 642 664 742 747 953 1073 1315 1379 1396 1464
748 115 118 133 135 136 137 138 139 144 146 153 154 165 166 167 171 174 177 181 183 244 250 251 277 296 298 365 374 379 489 490 744 785 791 935 1052 1053 1243
749 4 29 132 133 135 136 137 139 140 142 143 144 145 146 153 161 166 170 172 179 181 244 247 252 299 301 316 318 379 489 490 495 540 559 1051 1223 1244 1396
750 42 88 97 101 256 263 268 282 286 306 321 345 368 372 403 523 529 532 699 700 701 756 770 1003 1123 1134 1156 1182 1303 1347 1348 1438 1481
751 12 42 61 68 83 86 92 100 188 195 210 260 277 384 432 459 498 571 589 620 629 636 647 715 719 797 846 969 1323 1352 1372 1384 1508
752 4 14 29 115 122 131 132 133 136 138 142 160 161 166 167 170 174 181 193 195 252 296 298 303 490 785 962 1180
753 12 19 46 68 76 92 99 103 196 212 228 233 266 372 532 540 600 607 657 701 811 912 973 1430
754 98 104 111 114 123 126 188 237 325 348 356 393 791 792 797 798 904 907 911 1102 1143 1233 1382
755 74 85 273 277 282 313 334 413 439 441 472 527 590 607 629 976 1061 1063 1228 1231 1330 1351 1498 1504
756 12 42 49 68 76 83 84 86 88 90 94 96 98 99 100 218 222 223 227 228 306 322 334 349 356 391 393 402 404 464 466 470 532 571 658 909 910 1077 1375
757 62 68 79 86 215 216 230 231 237 344 349 355 621 836 837 839 905 1046 1088 1300 1429 1473
758 28 29 55 68 133 195 247 252 260 266 268 279 307 319 379 381 384 502 505 598 684 749 752 930 966 1160 1227 1406
759 383 394 396 401 453 499 652 666 694 698 768 858 865 1000 1006 1009 1068 1112 1118 1257
760 40 49 58 345 401 460 498 500 508 523 603 684 687 693 698 724 725 817 863 1115 1139 1146 1212 1267 1268 1337 1444
761 42 46 72 76 82 90 99 100 105 212 218 226 227 232 336 346 353 391 407 465 524 571 579 589 627 699 706 715 763 905 922 995 1017 1187 1195 1210 1211 1319 1388
762 12 14 118 132 139 144 146 149 168 169 170 174 179 241 244 245 247 264 277 306 315 379 389 429 660 735 747 803 808 1164 1180 1229 1365 1378 1470 1471
763 6 14 16 19 22 43 45 223 286 306 335 383 486 523 535 545 550 611 724 752 853 1343 1344 1505
764 19 24 65 66 68 292 341 498 500 504 505 507 509 510 511 520 550 605 687 693 697 698 753 863 931 1000 1202 1318 1322
765 196 413 432 598 636 652 783 802 1103 1206
766 45 49 58 98 101 136 195 201 266 282 317 384 396 401 404 499 517 521 523 584 666 696 703 724 858 863 865 893 998 1002 1092 1115 1118 1345 1349 1439
767 4 7 14 22 45 47 118 121 122 123 131 138 143 145 146 149 158 170 217 298 307 377 379 584 757 844 1407 1449
768 2 24 42 48 107 108 212 235 337 347 358 408 409 473 593 602 729 834 835 847 850 870 913 1071 1094 1102 1249 1526
769 19 24 28 38 40 42 44 55 79 103 208 212 287 291 337 351 608 615 711 729 765 819 831 850 852 1316 1333 1363 1500
770 68 103 195 209 260 266 276 281 288 293 384 431 432 435 446 448 449 529 537 567 607 618 628 629 630 640 644 874 877 884 1157 1159 1207 1467
771 42 49 54 55 104 107 323 346 383 390 462 463 467 473 593 602 608 724 797 1001 1031 1114 1366 1511
772 12 18 63 75 188 258 277 279 294 309 311 382 441 446 505 569 628 630 640 702 704 719 732 805 1177 1470
773 124 172 337 348 350 791 793 794 902 906 911 959 965 1094 1149 1150 1417
774 101 210 636 719 759 777 1088 1174 1296 1351 1374 1401
775 29 55 85 98 100 101 174 189 256 263 266 315 321 413 417 534 560 567 630 635 638 645 758 806 807 873 953 968 985 1137 1138 1158 1196 1235 1416
776 66 281 306 341 436 453 498 500 515 666 674 693 694 723 929 1482
777 5 28 55 104 223 310 357 462 475 650 652 655 939 942 945 1039 1084 1088 1255 1257 1400 1425
778 47 132 133 139 146 151 159 172 254 264 270 320 558 565 701 874 1163 1223 1247 1347 1396 1510 1517 1520
779 74 76 94 223 226 232 344 353 355 358 410 484 729 731 829 903 910 973 1016 1048 1249 1286 1475 1476
780 12 42 52 68 76 82 83 90 96 97 98 99 100 212 218 225 231 306 391 479 527 536 589 652 658 702 773 1005 1264 1453 1460 1525 1527
781 4 19 41 249 542 550 554 577 598 663 941 942 1272 1307 1326
782 4 14 29 132 133 134 135 136 137 140 142 143 144 146 153 154 158 159 160 165 166 174 176 177 199 252 277 297 363 366 367 423 490 559 740 809
783 14 18 29 118 132 135 136 139 140 142 144 145 149 154 159 160 164 166 174 179 181 193 194 252 262 298 301 370 372 490 559 751 772 809 813 956 1050 1073 1202
784 4 18 32 50 63 135 144 146 148 154 158 196 251 292 308 365 379 384 420 459 482 491 505 573 606 751 752 764 844 936 951 1032 1259 1435
785 75 128 269 284 288 430 439 441 443 447 458 638 977 1022 1061 1065 1292 1348 1382 1513
786 8 25 61 83 127 222 223 224 233 234 339 349 391 542 571 589 769 904 906 911 969 1064 1306 1339 1509
787 42 55 84 92 97 98 101 103 104 218 222 223 228 233 239 306 345 464 466 475 484 589 608 609 719 724 731 763 768 797 916 919 1232 1256 1299 1366
788 14 17 45 107 131 132 133 136 142 143 144 160 168 170 174 241 250 252 264 268 304 311 317 379 380 381 395 565 663 703 720 741 748 935 938 1517
789 4 8 13 14 17 19 28 29 41 50 79 116 132 139 160 169 195 249 252 286 305 306 309 339 542 578 598 703 773 854 866 926 956 987 1297
790 40 333 414 498 603 615 650 697 723 725 929 1172 1234 1251 1387 1425
791 29 85 118 133 135 136 139 142 144 146 150 154 161 177 210 224 296 315 371 376 486 494 573 632 636 647 955 963 1183 1270
792 29 68 132 142 174 179 224 247 277 299 305 308 317 321 372 373 374 377 534 559 593 706 811 926 936 937 954 1180 1216 1388 1416 1440 1521
793 5 55 61 68 83 97 98 100 144 214 218 219 225 306 319 391 410 486 532 538 571 589 600 607 658 664 712 714 715 718 1195 1294 1329 1372 1388 1483
794 0 12 29 50 59 68 71 75 79 82 83 92 98 99 104 133 158 174 219 228 231 239 277 286 306 307 346 364 386 389 390 523 571 585 715 1001 1177 1201 1246 1274
795 19 45 58 383 401 498 504 517 523 666 693 696 697 858 862 1000 1113 1115 1132 1154 1265 1345 1349 1406 1418
796 29 68 69 75 260 292 302 395 397 523 531 552 598 855 947 1103 1130 1328
797 281 498 499 502 515 598 930
798 46 92 104 210 313 315 371 382 383 385 396 498 506 529 611 664 719 724 768 782 805 808 1068 1117 1241 1346 1400 1402 1403 1404 1452 1470 1471
799 12 40 49 55 66 96 97 103 158 228 233 287 372 384 397 414 498 499 533 540 603 607 615 654 694 707 1007 1064 1177 1285 1317 1421
800 4 29 34 45 118 129 133 134 135 136 138 139 140 143 146 149 151 153 154 157 159 166 170 173 174 177 179 195 196 247 296 316 379 561 785 938
801 13 42 52 53 55 68 86 267 282 377 580 583 590 593 613 629 640 681 682 699 834 922 1024 1050 1101 1186 1194 1313 1500
802 14 29 47 132 133 136 138 139 143 144 147 149 157 160 164 166 174 177 179 181 247 266 304 316 317 361 364 366 423 425 429 570 639 736 745 750 1054
803 46 74 322 332 334 401 404 470 587 763 768 861 885 889 1254
804 98 453 498 499 514 519 670 672 688 693 694 695 697 698 775 1267
805 132 133 134 135 136 139 143 144 146 151 152 157 159 160 162 174 177 179 196 247 252 254 277 366 425 427 556 558 561 574 746 747 991 1169
806 12 42 86 101 112 174 210 218 231 313 374 568 571 642 664 837 1001 1021 1074 1092 1351 1400 1402 1403 1470 1472 1490 1525
807 29 118 132 133 136 139 143 144 146 190 199 247 260 299 317 379 384 505 516 558 559 561 606 803 957 958 963 966 1227
808 29 47 118 132 139 143 144 145 157 159 166 168 174 179 242 244 247 250 252 260 263 264 277 301 361 364 379 429 494 495 565 568 664 735 791 962 1243
809 4 14 45 131 132 133 136 137 139 142 143 144 149 152 155 159 160 169 174 179 241 242 296 298 301 316 379 381 489 745 809 933 1014 1180 1244 1270
810 19 85 99 101 104 116 149 177 193 195 196 228 247 266 277 282 291 292 306 359 379 381 520 529 665 768 932 953 1003 1028 1219 1243
811 40 49 52 64 66 68 191 228 286 346 444 511 523 605 928 978 1265 1311 1322
812 10 48 53 57 67 100 208 266 268 276 277 292 395 505 531 552 702 756 820 857 874 1347 1444 1504
813 5 28 42 74 82 88 94 98 211 218 306 355 404 464 466 536 658 659 763 905 906 909 910 1018 1049 1234 1444 1511
814 22 36 49 58 98 223 383 384 396 399 401 402 473 498 499 517 523 585 611 666 694 724 858 863 1000 1001 1002 1034 1068 1084 1111 1112 1115 1170 1340
815 75 103 290 293 384 397 407 419 459 471 500 537 598 605 679 721 826 882 927 1004 1005 1159 1208 1504
816 2 12 19 41 75 149 169 269 302 384 489 550 581 589 598 714 825 1261
817 49 104 269 384 388 397 404 459 475 496 598 693 694 697 698 723 724 727 797 820 823 916 919 1039 1078 1106 1146 1387 1393 1437
818 2 6 12 24 39 42 55 75 98 99 101 108 208 218 260 272 277 313 337 339 440 446 540 593 805 852 876 1071 1102 1177
819 19 40 49 58 62 66 104 283 323 358 388 399 400 542 617 666 715 729 835 854 868 929 1384 1425 1455
820 4 11 14 22 29 43 45 59 98 120 131 132 133 136 139 143 144 149 153 158 170 173 179 183 308 424 481 488 541 593 808 843 1180 1215 1429
821 165 206 250 257 263 277 310 313 371 374 376 440 560 562 632 633 636 647 649 664 880 1090 1370 1463
822 12 61 133 190 193 194 205 614 957 960 962 964
823 75 276 281 384 431 432 434 436 442 444 449 498 502 505 518 537 567 598 636 652 689 874 984 1092 1104 1159 1160 1426 1447
824 12 19 55 68 92 139 195 196 266 277 286 292 372 390 395 459 472 492 531 559 583 703 704 719 795 850 853 884 893 897 1408 1438
825 4 14 29 34 101 132 133 135 136 139 146 149 153 161 162 168 170 172 176 179 210 247 250 252 260 264 277 298 318 319 486 489 558 561 570 748 897 1052
826 14 29 75 101 133 139 142 144 169 174 179 196 247 263 277 297 309 311 313 315 319 417 560 568 570 664 805 807 812 879 953 1206
827 19 49 68 88 98 322 323 334 383 393 399 402 403 404 470 473 661 663 666 724 727 753 768 797 864 993 1457 1522 1528
828 103 191 267 292 520 580 598 606 681 682 815 932 1154 1160 1193 1194 1199 1208 1318 1414 1435 1504
829 4 12 14 55 68 75 85 100 101 104 133 136 137 139 149 165 196 210 266 268 309 310 313 397 567 629 636 719 826 863 980 1130 1154 1159 1235
830 4 7 110 115 118 122 129 132 135 136 138 140 143 148 151 152 157 163 164 169 173 179 181 308 316 321 377 488 495 897 900 1516
831 14 29 47 69 108 132 133 134 139 144 149 151 153 165 168 169 170 174 179 245 250 252 264 296 318 360 364 489 531 552 703 741 749 935 954 1050
832 49 383 384 387 396 404 498 499 504 506 509 516 517 666 691 694 698 724 768 782 858 863 944 1000 1001 1009 1112 1120 1129 1253 1345 1482
833 12 28 42 54 55 68 75 79 83 90 92 96 100 174 195 219 266 269 276 291 298 386 391 460 529 532 540 589 608 620 628 699 719 769 849 882 1077 1323
834 5 29 53 66 191 268 282 290 368 384 399 436 439 506 537 668 678 1008 1154 1159 1160 1262 1322
835 83 92 93 104 114 120 188 198 231 239 339 452 506 589 660 674 716 808 920 980 989 1138
836 14 132 133 136 137 139 143 144 145 154 162 174 179 242 243 244 251 252 264 317 364 366 370 425 490 494 756 784 803 1191
837 12 42 46 54 55 79 104 198 218 222 223 228 229 233 239 278 306 432 466 470 571 602 731 763 768 841 866 1152 1230 1260 1266 1297 1428 1511
838 7 12 24 63 68 83 86 98 107 142 212 214 219 224 225 240 308 319 358 380 408 410 417 589 593 631 710 763 795 834 1177 1211 1306 1313 1334 1460
839 75 85 101 195 196 210 263 268 270 276 278 279 282 310 313 371 374 439 440 446 448 537 632 636 664 719 802 804 805 880 986 1023 1206 1351 1359 1438 1498
840 75 104 114 128 222 233 260 473 768 773 798 904 907 988 991 1230 1233 1312 1491
841 6 7 12 19 28 42 50 55 61 62 107 108 212 286 465 593 850 857 922 1071 1078 1189 1214 1285 1355 1495
842 109 110 121 129 157 163 168 254 494 987 1225
843 2 14 19 42 80 98 100 103 108 158 306 343 345 364 377 379 421 473 524 528 542 593 608 663 800 1178 1187 1421 1422
844 628 668 711 1193
845 28 85 92 97 103 272 273 284 287 291 419 432 437 439 456 459 462 590 592 628 629 654 658 876 1004 1105 1308 1364
846 24 337 347 407 409 416 622 655 834 844 847 870 913 914 975 1093 1094 1095 1096 1097 1098 1099 1100 1280
847 12 45 63 75 104 188 237 292 336 384 397 505 666 741 1261 1494
848 29 46 132 133 139 150 174 177 247 277 296 346 364 365 366 368 370 374 376 379 389 429 568 701 756 897 935 1133 1134 1321 1450 1471 1477
849 233 383 384 451 453 455 456 457 498 652 654 666 670 672 674 676 693 723 724 776 918 1084 1126 1469
850 10 22 58 65 93 174 207 262 384 476 534 550 554 556 586 662 761 854 943 952 1030 1325 1406
851 42 61 72 76 83 97 98 99 100 218 219 231 306 345 349 390 391 506 525 532 540 620 664 700 715 795 918 1123 1369 1445
852 42 49 68 83 97 101 103 104 227 322 323 334 345 384 386 457 498 523 527 615 654 658 896 918 1004 1013 1018 1020 1126 1140 1210 1375
853 41 267 285 289 577 667 678 682 683 716 853 1192 1193
854 347 405 407 409 416 655 834 902 914 975 1071 1094 1095 1096 1099 1100
855 18 29 133 135 141 143 144 145 146 153 158 159 177 195 196 277 278 292 365 489 505 534 561 701 748 932 1315 1398 1435
856 85 118 177 266 273 277 279 284 301 417 434 435 440 443 456 518 520 590 607 618 638 648 805 880 881 950 1003 1082 1155 1281 1447 1481
857 8 34 42 68 79 88 93 98 222 223 306 323 351 356 404 460 588 707 728 765 766 897 969 1077 1218 1323
858 12 29 50 69 84 95 99 101 137 156 160 174 219 365 374 376 381 426 592 636 715 753 956 1017 1064 1440
859 4 100 135 149 157 164 186 298 301 305 571 745 933 1244 1451 1509
860 5 28 49 50 83 88 90 92 98 108 144 210 218 280 300 310 323 334 386 402 404 466 600 706 715 724 731 910 919 1001 1231 1283 1350 1359 1509
861 101 165 195 210 256 263 272 277 310 371 440 563 564 630 632 633 635 636 642 647 649 665 807 1090 1167 1370 1450 1463 1464 1470 1472
862 40 42 52 68 76 355 532 626 654 783 1110 1172 1430 1453 1459 1513
863 417 440 560 595 630 635 637 781 873 881 985 986 1022 1023 1081 1083 1138
864 19 46 49 98 334 341 401 402 453 497 498 499 585 722 726 728 858 862 863 998 1000 1115 1132 1162 1345 1360
865 39 55 208 267 287 289 628 668 678 680 683 816 922 1093 1465 1488
866 14 29 45 65 83 84 98 110 139 142 223 256 298 306 311 349 402 486 571 600 666 769 836 843 845 967 1168 1298 1305 1415 1429 1528
867 73 98 99 100 101 132 133 144 149 165 188 206 215 219 231 250 252 277 299 306 318 319 364 374 566 589 621 662 710 714 715 768 770 967 1045 1201 1237 1442
868 4 8 14 19 20 21 29 41 45 478 550 554 577 578 579 581 582 594 677 703 1272 1307 1326 1362 1388
869 4 14 19 45 51 54 55 131 200 254 309 390 391 422 532 589 598 719 1111 1222
870 124 128 260 741 791 799 917 980 989 990 991 992 1233 1468 1491
871 109 132 135 139 146 150 159 174 177 260 276 277 365 376 440 637 642 1080 1133 1134 1137 1225 1354 1438 1493
872 0 7 8 15 19 25 29 35 36 42 43 46 65 93 223 334 360 465 477 523 534 545 550 553 707 821 893 894 895 1056 1111
873 5 12 19 29 39 108 113 159 169 172 195 208 260 320 348 531 614 791 794 854 1224
874 72 87 98 172 177 213 220 346 484 569 626 658 795 809 905 1134 1150 1177 1182 1350 1460
875 49 98 342 602 603 723 724 725 1084 1393 1429 1528
876 4 14 29 65 130 133 149 175 364 426 476 486 550 554 579 836 893 901 1215
877 43 46 49 73 83 85 98 99 100 101 142 177 210 218 250 252 256 277 306 310 313 368 389 440 562 570 663 664 767 880 947 1134 1237 1246 1261 1359 1477 1487
878 4 29 34 45 47 118 132 133 135 136 137 138 139 142 143 144 146 157 160 166 175 177 179 181 186 241 247 251 252 296 298 317 364 370 481 785 935 963 1122 1180
879 4 12 14 29 42 69 99 132 133 136 139 144 146 149 153 157 159 161 168 169 171 172 174 179 218 244 252 265 277 316 379 702 743 745 938 1050 1247 1371 1520
880 61 93 216 231 272 273 277 280 284 306 349 383 432 440 452 590 632 646 768 840 866 1185 1261 1351 1403
881 2 11 25 84 218 222 232 235 355 380 410 470 589 596 602 623 652 658 661 715 763 840 912 924 973 1049 1478
882 18 49 50 68 83 98 100 101 117 133 136 142 144 149 177 277 296 315 372 379 380 389 505 534 598 715 719 755 782 786 845 995 1031 1201 1305 1343
883 12 46 75 85 92 100 101 149 174 177 195 210 250 277 371 385 529 566 567 569 570 664 727 806 808 953 1240 1298 1405 1470
884 3 10 31 49 212 283 343 358 593 602 708 729 730 821 847 852 870 1101 1110 1336 1400 1433 1469
885 12 47 61 68 85 104 132 153 158 174 195 196 210 263 268 277 278 296 309 310 311 359 534 631 636 701 702 737 739 756 874 1348 1371 1422
886 50 53 55 68 71 174 204 268 277 278 325 387 389 455 473 516 517 524 529 632 877 1000 1001 1115 1120 1143 1177 1230 1298 1345
887 19 42 55 68 79 88 92 94 98 99 101 158 195 286 307 337 339 345 356 402 469 524 532 540 753 788 919 993 1039 1234 1508 1512
888 40 48 64 66 191 212 352 358 414 498 500 502 503 505 617 679 685 729 822 823 833 928 929 1251 1311
889 29 103 146 195 275 311 313 317 386 396 455 459 462 467 473 523 537 666 694 724 858 918 1001 1007 1012 1040 1180 1266 1504
890 406 418 656
891 76 86 90 95 142 165 219 226 272 313 336 623 702 801 905 1021 1092 1279 1283 1350 1493 1498
892 5 13 14 56 100 172 410 505 721 791 819 956 991 1094 1288 1291 1389 1412 1442 1510
893 14 29 47 68 69 132 139 144 149 159 169 170 174 177 181 192 195 199 244 252 260 292 318 320 363 364 489 740 743 746 748 1396
894 4 14 45 47 130 131 132 135 136 139 143 144 146 149 153 158 161 170 174 179 186 277 298 299 307 311 315 379 389 398 486 494 534 558 573 662 753 1222 1327
895 85 97 101 195 210 263 273 276 277 279 309 434 437 440 446 457 499 505 567 618 645 693 756 781 805 874 878 884 916 1001 1011 1061 1082 1119 1324 1346 1487
896 14 118 133 135 136 138 139 142 143 144 151 152 159 177 252 298 301 311 316 318 372 489 494 662 745 746 751 760 897 899 1014 1244 1379 1417
897 14 29 72 73 76 82 98 120 142 218 223 231 232 353 355 465 539 592 593 623 710 731 908 956 995 1050 1417 1478
898 2 8 12 17 28 42 79 80 82 96 98 107 212 223 226 228 235 334 337 338 351 460 533 582 593 601 620 910 1072 1459 1497 1528
899 12 42 49 61 63 64 68 74 88 98 101 104 108 174 195 225 283 286 306 323 341 388 400 402 459 589 615 619 636 663 707 724 852 872
900 90 96 210 233 320 453 644 1064 1172 1359 1496
901 7 17 29 45 49 68 98 108 142 179 212 240 399 492 539 582 598 1227 1474 1519
902 29 132 133 139 143 144 149 169 177 247 252 254 260 277 301 316 317 370 379 423 427 429 558 735 742 747 748 749
903 343
904 42 52 68 87 97 124 172 228 348 349 353 355 410 440 447 579 595 608 637 654 791 902 906 911 912 985 1137 1149 1249 1283
905 29 85 132 133 144 174 177 190 200 221 277 379 484 875 957 960 1000 1052 1121 1408
906 12 40 42 66 68 103 104 177 183 195 212 277 283 286 306 311 364 366 408 492 500 603 607 608 616 725 756 819 929 932 1110 1251 1322
907 5 14 69 104 133 135 136 137 141 142 146 147 174 250 286 292 366 368 379 381 516 529 566 570 742 756 861 897 918 976 1027 1163 1315
908 4 19 29 45 57 129 132 135 137 138 139 143 153 159 163 169 173 179 308 379 395 488 491 494 550 900 933 1381
909 0 4 7 14 22 29 33 43 46 51 65 70 99 100 116 133 164 321 328 335 403 488 523 547 554 734 1030 1073 1222 1340 1409
910 46 74 322 335 466 498 905 918 997 1048 1386 1509
911 83 113 126 127 149 172 188 320 348 350 791 793 794 901 902 904 906 917 1102 1150 1293
912 2 4 12 14 16 42 53 79 98 101 120 123 125 139 145 158 170 228 231 349 379 386 404 711 836 844 845 869 1087 1448 1455 1473
913 45 47 135 184 241 393 663 751 813 1029 1032
914 12 17 46 73 90 103 223 233 350 589 658 816 835 905 1064 1251 1425 1488 1498 1515
915 60 68 85 100 101 195 196 206 210 218 258 263 273 276 280 282 313 516 529 532 569 571 583 589 629 664 699 719 884 969 1077 1134 1182 1253 1303 1323 1347 1506
916 0 8 10 20 22 26 36 59 65 67 71 268 529 547 548 549 553 554 555 584 585 666 863 874 890 893 894 940 1002 1058 1115 1151 1307 1315
917 85 101 142 165 187 195 196 250 252 256 257 267 272 277 292 297 310 371 381 417 440 459 560 567 630 635 664 786 804 807 879 1024 1080 1431
918 68 85 99 101 103 104 172 196 206 210 219 266 277 282 310 313 386 459 489 494 571 594 628 643 664 702 705 805 916 922 932 1063 1069 1134 1432 1487
919 12 14 132 149 168 169 241 244 252 300 318 370 486 561 741 743 746 748 757
920 12 73 153 188 336 340 353 699 701 844 995 1021 1028 1182 1210 1280 1282 1347 1467 1493
921 46 72 87 94 98 211 219 220 226 336 346 352 353 358 623 657 699 795 903 996 1017 1078 1092 1134 1185 1210 1231 1245 1279 1350 1370 1498 1511
922 4 14 29 47 69 122 132 133 135 137 138 139 140 143 144 153 154 160 166 169 174 176 177 181 247 251 261 316 359 379 491 495 529 751 1244 1271
923 42 64 66 281 414 435 437 439 442 448 453 518 615 722 878 978 1008 1011 1108 1109 1160 1161
924 12 42 50 68 78 90 98 133 142 210 218 231 274 291 310 349 386 543 571 631 657 662 836 1023 1201 1231 1241 1242 1359 1410 1490 1525
925 28 85 101 104 118 135 137 144 166 174 195 196 206 244 247 256 258 260 277 279 309 310 313 365 366 371 376 381 384 516 540 566 567 570 632 639 666 873 1158 1167
926 19 33 46 49 76 79 88 92 96 98 99 188 228 234 286 322 334 383 386 390 393 404 465 473 492 523 540 597 613 661 698 724 725 727 733 844 854 1444
927 12 29 43 45 51 85 142 144 146 162 174 241 250 313 334 364 404 516 523 565 571 633 662 663 692 858 979 1090 1345 1409 1426 1460
928 14 29 45 92 132 136 139 153 174 179 180 181 252 266 301 305 364 372 374 379 381 385 422 427 480 488 490 559 749 764 819 966 1051 1122 1180 1227 1242 1388
929 75 133 165 195 266 276 277 293 309 313 316 384 397 459 537 567 594 598 628 826 877 1207 1235 1513
930 49 73 83 88 92 98 111 286 341 356 383 398 399 402 473 498 521 523 602 663 692 698 723 724 797 865 993 999 1246 1265 1512
931 14 29 45 75 142 196 237 384 419 431 455 462 464 486 497 523 537 585 598 652 666 715 752 768 780 856 1008 1013 1161 1208 1414
932 4 14 29 45 109 115 118 129 131 133 136 139 145 149 152 157 159 161 163 168 172 242 252 254 264 316 335 379 422 494 669 787 963 966 1227
933 29 68 85 101 104 195 196 207 270 277 278 292 310 313 317 381 505 529 540 628 664 666 816 819 958 1431
934 0 1 12 19 35 46 49 79 82 89 98 111 223 237 306 328 334 335 393 460 464 541 545 547 548 557 588 589 611 699 711 892 941 971 1327
935 419 430 432 433 438 451 453 454 695 719 777 783 917 1364 1374 1447
936 33 70 98 323 325 326 328 332 334 399 400 404 473 523 734 1114 1135 1141 1142 1144 1146 1147 1446
937 4 14 29 34 43 132 133 135 136 138 144 145 149 153 174 175 178 179 252 260 265 373 374 379 523 565 573 703 748 788 897 937 1050 1409 1510 1517
938 69 132 136 140 146 153 157 168 190 195 196 203 205 252 260 318 365 381 383 459 489 494 565 745 748 749 791 799 935 962 963 991 1121 1224 1491
939 1 7 8 52 223 289 358 587 765 997 1049 1202 1214 1249 1316 1332
940 8 42 68 79 98 223 306 342 346 351 356 384 399 404 460 666 707 715 726 728 1072 1173 1285 1376 1523
941 326 331 393 399 404 473 724 727 797 1019 1114 1129 1135 1142 1143 1144 1356 1434 1446 1501 1503
942 0 15 19 30 35 37 71 476 546 547 548 549 551 553 555 579 585 863 888 892 894 895 940 1151 1307
943 29 45 69 75 132 168 169 170 192 195 250 252 254 260 277 279 282 291 300 371 537 561 567 618 632 701 791 805 879 1068 1379 1462 1467 1468 1510
944 85 184 207 210 266 272 277 279 311 394 417 440 446 502 630 635 641 644 664 685 768 805 873 1001 1005 1006 1118 1120 1174 1335 1351 1402 1426
945 12 55 68 75 85 92 98 174 207 268 277 404 425 498 504 505 509 513 522 523 537 540 589 636 689 691 719 855 874 1131 1157 1406
946 12 14 29 69 99 133 138 139 146 147 160 165 167 169 170 174 206 247 250 251 252 260 277 313 370 372 379 380 489 664 748 883 923 1297 1449
947 98 232 286 346 393 404 410 527 763 829 996 1037 1039 1084 1254 1363 1425
948 4 14 29 132 133 136 139 143 144 145 146 149 157 159 174 177 179 181 244 252 277 364 366 370 372 379 423 425 429 561 574 746 749 750 935 1054 1165 1378 1379
949 28 42 72 82 95 356 412 466 569 702 1018 1172 1279 1296 1351 1469
950 2 5 8 24 42 46 54 55 73 79 83 97 98 104 223 228 231 238 349 389 390 391 393 465 466 467 470 587 596 640 663 731 763 780 836 883 926
951 2 42 76 96 106 212 219 226 232 353 407 592 889 905 909 914 922 956 973 996 1016 1288 1290 1291 1293 1441 1475 1478
952 42 56 68 75 83 92 97 99 216 231 287 383 384 462 498 503 513 564 568 594 603 615 644 687 691 697 724 805 929 1117 1403 1445 1471
953 5 39 96 98 208 212 221 240 280 325 332 380 386 464 591 620 652 658 710 768 828 1213 1369 1430 1449 1459 1499 1509
954 4 12 14 29 100 132 133 136 143 144 146 161 165 168 170 172 174 181 199 247 250 252 254 306 364 370 374 540 561 720 748 749 968 972 1050 1396 1517
955 38 42 107 112 212 235 240 310 321 539 621 763 816 828 834 835 982 1134 1355 1397 1478 1519
956 130 174 231 277 278 364 665 756 805 808 874 875 877 955 1003 1164 1167 1239 1321 1435
957 12 47 118 133 139 144 146 160 162 177 181 186 247 252 262 296 297 317 361 364 370 371 379 381 425 490 735 742 803 805 938 961 962 1054 1163 1180 1196 1443
958 4 85 118 120 122 133 136 143 144 145 149 153 161 171 174 177 181 186 187 205 252 301 316 361 379 423 424 429 523 558 663 739 740 845 934 955 1183
959 29 47 136 144 147 149 151 162 164 165 169 173 177 188 244 247 250 252 264 362 364 366 369 370 379 425 429 568 745 747 751 803 953 1165 1243 1450
960 48 49 66 92 97 98 197 212 223 226 339 358 479 527 607 615 724 795 902 911 1059 1060 1295 1465 1476 1502
961 63 330 331 399 498 529 614 1001 1135 1142 1144 1317 1446 1501 1503 1508
962 6 45 92 108 342 345 466 527 609 734 797 846 909 1018 1088 1189 1363 1511 1512 1518
963 55 72 86 90 96 100 170 212 222 338 505 506 582 593 598 621 627 731 995 1201 1230 1298 1299 1319 1528
964 33 49 70 104 158 196 383 384 387 392 396 400 473 498 499 505 521 523 540 603 624 666 693 697 698 724 858 1034 1115 1141 1151 1340
965 7 19 45 118 132 133 135 136 138 139 142 144 145 146 149 154 169 170 174 196 278 283 292 486 552 612 761 790 856 1042 1273
966 8 29 42 46 83 98 114 149 172 210 218 223 233 256 389 417 486 577 587 768 797 1152 1254 1256 1257 1370 1400 1401 1445 1470
967 46 75 85 92 104 146 198 207 210 260 269 276 313 339 345 459 464 589 636 664 719 768 801 802 865 1104 1256 1353 1401
968 4 14 29 92 130 133 136 139 143 144 152 167 169 179 298 379 385 568 660 737 808 953 1028 1033 1181 1191 1200 1239 1397 1405 1422
969 83 98 99 100 101 144 206 210 266 268 277 280 301 306 371 374 432 440 563 568 636 641 644 805 812 968 1074 1092 1230 1245 1445 1472
970 4 12 14 29 47 68 99 118 132 133 135 136 137 138 139 144 149 153 154 160 161 166 169 170 171 174 196 199 250 277 298 317 319 379 486 559 565 579 743 791
971 14 29 54 118 130 132 133 135 136 139 144 146 149 150 158 166 174 175 176 177 247 277 315 319 385 429 486 489 573 751 1122 1165 1180 1203 1229
972 42 82 95 111 286 329 330 332 343 348 392 393 403 404 663 724 733 869
973 0 14 19 22 32 33 45 46 49 71 98 100 119 223 229 286 306 391 404 460 475 540 585 611 726 728 780 893 1141 1181 1202 1297 1367
974 12 17 24 29 42 43 46 55 61 80 83 99 100 217 265 299 349 380 390 410 550 583 592 593 620 621 627 715 720 759 1044 1050 1177 1201 1509
975 113 124 172 183 343 348 350 368 542 794 918 979 991 1135 1150 1503
976 49 383 396 473 503 504 516 517 609 666 694 724 858 862 1001 1057 1112 1115 1345 1418 1439
977 54 85 93 98 267 277 282 310 346 434 460 484 505 657 666 681 709 795 805 827 861 1195 1228 1331 1333 1351 1359 1369
978 14 29 45 98 132 136 139 144 145 149 158 160 166 179 195 231 247 277 316 366 368 370 379 382 425 490 570 660 664 735 806 843 897 1165 1298 1305 1358 1391
979 68 83 96 99 100 104 218 256 306 372 385 571 600 607 699 715 766 767 768 769 972 1453
980 81 83 90 98 126 193 219 229 364 602 610 710 875 897 956 959 963 995 1075 1227 1269 1408 1444
981 12 61 63 80 85 100 101 135 158 174 177 196 206 263 277 306 482 524 528 699 701 756 875 1052 1237 1245 1263 1270 1385
982 5 11 12 28 42 52 55 68 83 96 212 217 219 223 225 233 393 410 523 532 582 589 592 602 710 711 714 715 922 926 1211 1306 1329
983 89 212 235 236 352 353 358 412 730 828 835 1059 1074 1249 1476 1495
984 70 88 98 158 174 322 364 365 368 399 599 661 663 706 727 993 1030 1086 1185 1238 1301 1302
985 19 46 83 84 96 98 99 218 222 225 234 323 344 404 470 571 589 700 710 724 770 889 1044 1313 1339 1367 1376 1454 1514
986 69 95 101 174 206 210 230 256 263 278 279 284 310 389 391 438 440 484 564 566 569 630 635 644 648 649 805 881 1023 1074 1081 1364 1402 1403 1405 1450
987 0 8 19 24 41 42 46 103 289 393 465 477 542 550 577 651 667 677 679 681 780 888 922 1089 1193 1318
988 55 86 135 150 153 192 195 196 220 268 270 277 278 285 292 484 505 590 618 756 915 932 1092 1110 1274 1351 1467
989 4 5 11 12 14 18 29 132 135 136 139 142 144 145 146 149 159 193 194 265 364 379 706 897 959 963 1050 1053 1180 1183 1227 1417
990 12 49 100 281 393 444 450 505 513 522 523 598 600 605 684 823 931 949 1031 1106 1199 1333
991 12 42 50 61 86 90 92 93 96 98 99 212 323 334 390 404 460 545 620 699 708 972 1219 1373 1415 1458 1494
992 14 18 29 34 59 61 132 133 138 139 185 187 217 292 360 372 377 395 486 534 593 627 701 751 752 756 897 933 946 1201 1505 1509
993 2 7 19 24 31 103 146 158 286 317 337 345 409 462 486 524 579 580 657 844 848 868 975 995 1183 1186 1251 1254 1262 1497 1526
994 5 9 19 42 46 49 55 59 62 65 68 70 100 146 219 286 306 373 383 386 388 390 391 548 550 554 615 662 663 825 852 940 943 1146 1220
995 24 42 82 103 105 108 346 456 466 609 615 628 650 939 1007 1038 1039 1041 1251 1425
996 40 42 46 82 98 103 212 337 347 407 416 834 914 942 1094 1095 1096 1098 1100 1295
997 2 4 7 11 25 51 100 132 133 153 160 169 253 298 299 305 311 319 373 379 395 480 488 538 592 621 662 711 718 720 760 841 933 956 995 1200 1329 1483 1521
998 13 17 19 20 24 50 55 69 75 86 108 139 149 174 185 187 334 377 390 567 583 607 682 818 825 1193 1363
999 4 10 22 29 45 59 115 118 119 120 122 131 133 136 175 241 245 262 335 481 494 523 550 586 593 726 734 753 789 839 1001 1485
1000 4 12 29 45 115 122 132 134 135 136 139 142 145 146 147 158 184 186 196 241 247 250 260 304 318 364 483 742 749 751 809 844 897 1163 1259 1424
1001 85 92 192 258 268 270 273 276 277 279 284 309 417 431 432 435 446 540 562 590 631 632 633 642 644 648 666 805 826 873 874 1155 1275 1315 1513
1002 38 593 798 829 902 914 922 1098 1100 1149 1251 1287
1003 4 14 18 122 131 132 133 135 138 139 146 149 153 154 160 161 166 167 174 179 185 207 247 251 296 298 361 423 424 429 489 490 494 534 1377 1485
1004 195 258 269 276 281 284 388 400 431 436 455 457 499 500 505 508 512 518 603 636 719 724 805 932 1001 1091 1092 1138 1322
1005 12 144 367 368 371 417 440 443 445 560 562 595 630 631 635 637 638 873 881 985 986 1080 1082 1137 1158 1440
1006 40 86 90 92 103 281 284 287 313 358 408 456 602 729 876 976 978 1061 1062 1063 1079 1110 1279 1355 1359 1498
1007 29 118 129 132 133 136 139 143 155 157 159 168 173 254 264 296 489 494 580 1224 1225 1381
1008 12 19 42 68 83 92 97 100 101 144 146 149 161 179 188 195 196 211 212 218 228 257 263 277 282 306 307 309 364 372 567 658 699 710 715 720 972 1177 1398
1009 109 121 139 159 172 1225
1010 42 68 75 92 97 100 108 195 219 269 277 279 281 291 411 413 417 434 438 502 589 878 883 916 1060 1061 1330
1011 50 63 78 92 101 142 177 277 278 301 368 374 748 755 1082 1407
1012 4 14 118 131 132 136 137 139 140 143 146 149 152 153 154 157 160 161 172 173 179 218 241 251 296 298 308 379 480 488 494 534 720 900 956 963 1054 1180 1381
1013 196 366 656
1014 29 132 133 157 160 162 165 166 174 177 244 247 250 277 300 304 321 364 365 366 368 374 378 381 425 561 565 566 701 1042 1224
1015 90 94 210 223 232 358 661 763 1018 1059 1441 1511
1016 14 29 132 133 137 139 142 143 147 154 160 166 174 177 179 187 247 252 260 277 301 305 315 317 364 370 423 505 534 558 559 593 606 664 938 956 1200 1229
1017 46 289 471 478 577 580 587 668 669 679 682 815 824 888 945 1208
1018 85 101 118 183 210 269 279 282 309 345 383 386 452 464 502 505 569 685 719 801 805 1000 1353 1470
1019 68 90 132 133 135 137 142 144 146 150 174 177 206 247 252 266 277 298 307 319 365 376 381 484 543 573 748 786 790 935 1133 1460
1020 12 17 19 24 29 42 55 61 68 86 96 100 104 108 196 223 224 233 266 377 380 532 583 587 589 608 700 731 752 795 984
1021 29 47 132 133 135 136 144 149 160 161 162 165 174 241 244 247 250 277 361 364 366 370 379 421 423 747 757 1361
1022 4 12 14 45 118 132 135 137 138 139 142 146 149 158 160 165 166 174 176 177 179 196 224 250 258 277 301 311 364 365 379 486 490 529 565 566 570 744 1163 1315
1023 2 5 17 24 29 49 55 68 75 83 88 93 96 98 103 139 212 225 231 334 349 379 393 459 486 532 589 593 714 763 808 836 839 840 1000 1069 1300
1024 12 24 42 68 104 116 144 153 162 257 263 277 285 306 325 529 599 772 795 844 948 1182 1260 1263 1270 1315 1371 1489
1025 4 14 45 92 122 133 136 137 139 142 143 144 146 149 153 174 175 247 250 252 256 277 297 298 315 317 361 364 379 429 481 486 559 561 568 664 1054 1361 1377 1472
1026 4 5 133 136 137 144 149 160 164 165 177 224 247 250 252 297 364 370 372 373 374 417 488 538 559 561 576 759 956 1014 1050 1051 1247 1396 1416
1027 4 14 18 43 62 110 118 122 132 133 135 139 143 149 153 158 179 186 249 298 308 359 395 529 531 552 764 1111 1178 1223 1422
1028 40 42 49 55 66 89 97 98 103 198 212 390 402 472 500 603 617 732 800 852 1087 1220 1251 1518
1029 14 29 47 55 136 137 139 143 145 174 177 193 194 195 241 242 244 251 361 423 426 534 963
1030 42 73 76 82 227 323 334 346 355 380 466 621 661 726 904 909 912 973 997 1048 1287 1293 1375 1499
1031 118 135 138 144 167 170 174 183 208 241 242 245 248 250 255 262 311 314 378 489 636 789 979 1163 1238 1278 1407 1510
1032 88 331 399 1114 1129 1135 1142 1146 1501 1503
1033 29 132 133 136 139 146 166 174 176 177 242 244 247 257 263 277 364 365 366 369 370 376 425 427 490 566 574 658 742 750 751 803 806 1014 1090 1122 1424 1450
1034 12 14 45 65 68 90 95 144 150 187 228 241 255 260 277 278 315 385 438 489 505 559 608 699 751 805 922 1134 1183 1209 1240 1443
1035 5 66 75 98 104 195 196 281 397 436 441 500 508 510 522 567 598 685 722 823 874 929
1036 8 19 27 31 46 49 54 100 289 392 396 526 546 548 551 582 682 693 724 819 820 856 952 1036 1151 1212 1214 1219 1284 1338 1437 1474
1037 0 19 24 46 54 55 71 98 223 233 334 390 460 473 475 587 610 611 724 753 821 923 1036 1154
1038 133 135 177 184 247 301 366 393 400 483 488 751 1027 1035 1424 1451
1039 12 192 278 285 286 306 437 530 756 1003 1092 1182 1321 1347 1368 1467
1040 8 42 88 204 334 412 460 588 765 860 1316 1355
1041 53 55 83 88 98 99 100 101 105 286 306 334 345 356 364 383 386 390 403 404 532 772 817 1086 1262 1339 1373 1375 1458
1042 333 406 492 526 819 853 857 946 1336 1338 1474 1502
1043 5 94 113 339 349 625 714 794 906 909 911 912 1017 1149 1214 1283 1290 1428 1515
1044 12 17 19 28 42 48 68 97 100 193 208 266 287 352 358 552 825 1071 1110 1465
1045 75 196 266 268 270 273 276 278 279 288 291 293 310 432 435 439 459 783 824 826 872 874 984 1012 1157 1207 1513
1046 195 277 279 281 282 284 309 417 437 440 441 446 458 630 636 704 805 873 932 1081 1154 1158 1335 1460
1047 12 40 49 61 66 101 192 195 281 283 310 371 374 384 432 455 462 499 500 510 615 616 642 704 1011 1092 1275 1347 1371 1481
1048 85 92 192 277 279 313 441 446 568 569 630 641 649 805 842 873 880 1023 1061 1134 1164 1201 1230 1403 1470 1471
1049 29 53 177 189 202 204 277 593 736 958
1050 0 8 9 12 14 20 24 25 42 46 49 55 59 68 71 286 334 476 478 512 523 548 553 575 578 581 593 611 825 893 1151 1190 1307 1340
1051 11 19 31 55 140 142 299 354 538 578 579 593 594 822 959 1037 1049 1202 1273 1474
1052 19 26 42 46 55 68 88 92 100 101 183 228 286 323 356 368 390 403 404 545 571 585 666 699 705 768 772 825 846 1027 1219 1348 1512
1053 92 413 594 721 1412
1054 218 338 340 377 406 407 418 464 524 571 589 773 1071 1089
1055 83 98 99 144 188 206 214 218 219 229 277 319 372 373 386 571 589 602 664 710 731 762 769 782 784 795 925 967 1092 1177 1201 1204 1246 1294 1313 1432
1056 4 14 29 45 68 118 132 133 136 138 139 145 277 379 421 424 757 1178 1180 1261 1398 1422
1057 14 19 49 58 144 169 196 292 388 397 398 486 498 500 503 507 508 520 552 606 685 800 946 947 951
1058 2 8 9 19 21 25 42 76 103 219 232 286 334 337 344 354 410 469 550 582 621 822 886 945 956 971 973 1049 1213 1214 1249 1475
1059 383 384 396 401 453 455 516 517 519 666 697 768 858 862 1000 1005 1113 1118 1120 1132 1345 1349 1439
1060 68 75 85 101 195 199 210 252 260 268 279 281 371 384 431 432 439 443 446 453 455 508 516 537 567 598 618 630 644 645 666 719 781 805 880 1011 1447
1061 192 285 872 877 1092 1321 1346 1347
1062 68 83 135 136 141 144 158 174 179 183 218 241 247 252 260 262 306 317 368 516 566 570 589 719 766 840 841 1072 1180 1243 1403 1449
1063 12 29 34 92 99 132 133 135 139 141 144 149 151 169 224 247 250 277 303 306 311 318 368 381 565 660 701 743 749 791 808 953 1261 1517
1064 12 14 29 45 99 129 132 153 168 169 170 171 172 254 264 300 304 486 489 523 532 589 717 720 791 980 1223 1510
1065 211 357 407 410 465 525 626 653 888 912 942 973 1016 1049 1202 1211 1214 1306 1478 1499
1066 42 46 48 107 123 229 240 287 335 337 343 347 358 405 407 414 527 608 615 716 729 902 1019 1102 1328 1465 1469 1496
1067 104 198 206 210 266 272 274 280 309 310 437 440 441 457 497 564 567 631 635 645 646 652 674 781 807 873 953 1138 1292 1353 1401 1402
1068 4 7 14 29 43 51 101 132 133 136 139 143 144 146 149 153 162 169 170 172 298 305 319 426 480 538 663 753 757 1221 1328
1069 1 4 11 12 24 34 42 61 76 99 139 142 201 217 321 372 373 480 705 790 897 972 1050 1052 1177 1273 1388 1516
1070 4 14 34 47 118 131 132 133 134 135 136 139 140 142 146 153 154 164 179 224 252 265 304 308 317 364 379 420 481 486 488 495 662 897 1280 1451 1521
1071 5 28 49 98 227 322 346 349 355 404 593 661 822 896 997 1258 1260 1264 1331 1441 1499
1072 4 11 63 83 100 132 133 136 139 144 217 225 299 303 305 321 373 377 380 592 593 714 715 720 790 922 956 1050 1216 1294 1388 1416 1440 1487 1509 1521
1073 14 29 118 133 136 139 143 145 146 149 153 157 166 169 174 179 181 247 252 265 298 308 317 370 379 427 486 558 559 565 570 662 746 961 1050 1122 1165 1390 1417
1074 5 17 25 76 86 102 212 219 225 232 233 372 410 589 596 712 715 720 724 924 1046 1049 1064 1289 1290 1294 1329 1440
1075 5 14 19 49 50 92 98 100 146 149 175 188 201 323 383 466 516 541 586 594 619 693 704 711 713 725 797 863 885 887 1001 1003 1146
1076 0 46 49 61 79 81 92 97 98 104 286 306 343 345 383 384 404 462 463 466 467 523 540 602 609 724 844 846 868 883 923 1002 1221 1317 1348 1512
1077 75 98 269 575 697 719 724 865 917 921 1205 1344
1078 5 11 12 14 16 19 39 99 108 217 465 484 492 593 602 607 615 819 821 902 915 1031 1093 1330 1408 1500
1079 42 791 794 796 903 912 973 1048 1288 1289 1290
1080 46 75 92 101 104 196 210 239 269 277 285 307 315 345 382 384 385 462 467 529 607 658 719 883 884 923 984 1119 1324 1366 1477
1081 4 29 118 132 135 136 137 143 161 166 167 174 242 247 251 296 364 366 370 381 420 427 664 727 742 750 751 784 786 809 897 1244
1082 4 29 83 85 98 133 135 136 142 144 165 174 194 199 205 247 250 252 265 277 296 299 301 305 317 321 364 370 372 373 381 486 559 715 956 960 972 1050 1227 1247
1083 42 49 68 70 74 78 98 227 322 326 346 399 523 726 728 769 896 1020 1030 1084 1087 1310 1375 1503
1084 0 12 19 28 42 45 46 49 68 79 88 92 99 100 197 286 386 388 393 403 404 460 464 588 589 724 772 854 1057 1512
1085 0 7 17 19 22 36 37 46 71 86 100 103 223 233 286 334 335 337 344 390 545 548 554 555 585 620 810 863 940 1044 1056 1202 1217 1263 1362
1086 42 94 98 113 114 172 337 347 612 661 792 793 794 801 914 971 1096 1149 1401 1475
1087 973
1088 49 98 104 322 341 396 397 473 498 522 523 693 697 698 724 797 952 993 1000 1115 1219 1265 1309
1089 45 92 210 388 400 503 512 526 603 732 754 881 1000 1057 1120 1317
1090 0 15 19 26 30 35 36 65 98 223 334 474 487 546 553 554 582 726 728 941 1058 1320
1091 0 8 22 35 43 45 46 52 65 68 71 98 286 306 335 401 474 498 523 545 548 549 554 555 584 611 725 863 893 1000 1044 1058 1214 1320 1409
1092 8 19 33 214 334 474 541 547 587 763 1213 1254 1306 1455 1528
1093 7 12 28 49 51 61 76 78 82 87 90 92 94 98 100 103 228 287 306 386 484 523 527 540 589 623 714 1001 1017 1185 1253 1303 1350
1094 19 41 68 108 299 392 577 579 679 681 1326
1095 191 196 278 279 309 383 384 397 435 506 537 567 615 776 805 872 874 882 950 1002 1012 1155 1206 1470
1096 12 34 45 50 158 183 220 224 252 256 368 377 379 662 715 766 844 897 1030 1052 1074 1177 1302 1305 1384 1385
1097 68 99 101 165 206 210 223 268 273 277 309 310 313 371 566 567 569 590 629 630 642 644 664 702 874 876 976 1069 1092 1279 1357 1359 1487
1098 187 338 349 484 699 706 752 897 915 1052 1177 1211 1385 1428 1431 1524
1099 7 12 14 54 59 61 63 68 69 76 93 94 100 101 144 146 149 158 160 219 286 306 395 525 579 701 756 764 1050 1052 1111 1177 1285 1305 1362 1456
1100 11 12 14 17 23 45 46 51 54 55 62 76 99 100 136 145 196 211 219 228 229 306 372 379 480 550 552 589 720 731 784 897 995 1273 1369 1372 1417
1101 210 569 641
1102 59 65 118 131 133 135 139 140 143 146 148 164 169 174 179 180 241 242 245 248 251 253 258 259 262 420 428 482 516 586 751 936 1259 1301 1305
1103 8 13 16 19 31 45 49 98 312 331 334 335 399 403 404 486 544 600 612 724 734 772 1086 1146 1367 1417 1456 1503
1104 324 330 331 399 404 473 535 724 733 797 1135 1140 1142 1144 1356 1446 1501 1503
1105 1 3 11 12 16 19 24 27 36 55 58 59 65 68 75 100 108 233 286 295 404 460 476 505 524 554 578 600 619 666 825 1305
1106 4 14 29 120 122 125 133 136 139 143 153 158 174 195 252 315 379 593 612 737 757 788 947 1165 1191 1229 1243 1397
1107 39 40 42 49 92 101 103 323 337 345 384 406 414 456 500 523 540 603 609 698 723 724 729 905 916 977 1002 1038 1102 1251 1279 1360 1469 1475
1108 0 14 29 43 45 47 118 132 139 144 149 168 196 302 307 339 359 534 554 738 980 1178 1223
1109 91 822 852 1261
1110 10 14 19 31 45 49 104 286 388 390 396 402 473 523 593 603 614 663 698 724 725 727 732 857 1010 1146 1413 1420
1111 0 19 42 46 55 212 223 233 238 289 465 475 577 581 588 620 820 825 1044 1152 1214 1423
1112 4 11 14 29 133 143 153 164 181 199 305 308 420 424 480 488 550 602 753 933 1050 1197 1244 1271
1113 2 4 19 22 27 43 57 65 132 133 136 145 252 266 317 373 550 551 703 844 853 893 946 951 1050 1390
1114 12 19 49 54 103 142 195 201 313 333 334 337 384 390 537 603 664 710 820 827 854 1188 1338 1504
1115 75 86 195 211 250 260 270 291 320 345 432 459 462 463 502 518 529 537 598 608 615 629 720 721 743 978 1124 1462 1491 1494 1504
1116 14 29 42 46 55 72 73 83 84 94 98 103 139 142 170 222 326 338 372 410 473 489 592 621 715 766 922 995 1171
1117 28 42 49 74 79 88 98 104 108 212 214 223 228 229 349 404 466 579 710 724 768 797 823 910 1019 1221 1421 1446
1118 2 12 24 40 42 46 49 50 53 66 97 98 99 142 218 228 231 342 356 368 473 525 527 571 724 726 731 772 800 836 841 1071 1114 1140 1387 1512
1119 42 48 49 74 83 212 219 233 322 412 469 470 729 730 763 765 816 1044 1213 1234 1469 1496
1120 42 49 56 60 75 80 92 386 397 404 419 457 521 528 537 598 608 609 615 618 693 698 765 816 826 863 999 1007 1131 1494
1121 42 46 104 198 218 228 239 287 291 345 390 462 463 467 499 528 536 540 567 607 618 719 768 776 856 883 909 984 1088 1348
1122 8 21 43 46 79 83 98 142 223 260 312 349 351 460 470 589 652 692 891 1044 1066 1483
1123 85 99 100 263 266 272 273 276 282 284 313 505 566 599 632 642 646 649 664 702 874 880 1069 1092 1123 1237 1279 1354 1357 1359 1493
1124 4 5 11 14 47 65 133 136 139 201 308 398 523 753 948 952 1031 1050 1216
1125 4 14 29 118 132 133 135 144 146 148 152 153 160 161 166 170 172 174 179 181 199 247 252 260 277 304 364 365 366 370 379 425 489 561 809 816 1050 1244 1407
1126 34 110 118 120 130 136 138 145 146 154 174 176 277 301 374 486 742 784 844 845 897 899 951 987 1053 1168 1183 1187 1269 1384 1516
1127 19 28 46 49 74 88 94 98 103 111 329 341 356 471 478 492 587 609 651 698 724 734 931 988 1004 1041 1140 1222 1256
1128 4 29 100 130 132 136 139 142 143 144 149 160 174 179 181 247 250 252 277 313 315 316 364 365 371 379 381 429 558 565 568 570 664 953 1165 1240 1443
1129 40 42 48 56 64 66 108 191 212 281 283 407 436 916 1102 1251 1322
1130 4 14 19 54 55 68 76 100 133 136 139 142 144 212 215 224 228 232 282 298 364 372 373 525 541 593 600 662 703 715 924 995 1044 1177 1201 1397
1131 12 33 46 90 100 206 233 390 492 536 540 611 702 772 1281 1304 1375 1490
1132 35 46 79 104 344 357 460 461 472 475 541 587 768 780 832 864 865 941 1152 1254 1256 1339 1343 1344 1423
1133 85 258 266 276 277 279 280 281 291 309 310 384 505 516 529 540 567 618 629 630 874 946 1003 1026 1154 1253 1315 1359 1453
1134 7 12 24 42 73 76 78 82 90 96 112 212 238 306 346 353 372 380 583 593 602 709 715 731 767 795 796 836 839 897 1089 1177 1187 1211 1448 1459
1135 139 318 425 814 1223
1136 4 14 29 45 132 134 136 139 143 144 148 160 165 166 195 296 309 362 423 664 933 1191 1391 1510
1137 12 49 70 79 98 104 286 306 323 334 345 383 389 392 404 498 523 540 603 611 660 661 663 666 692 724 726 768 836 839 1002 1179 1220 1246 1400
1138 2 8 11 42 48 52 212 233 240 306 338 349 358 588 729 835 972 1021 1049 1064 1100 1249 1428 1440 1478 1495
1139 12 49 66 85 98 100 104 196 210 260 280 313 383 464 498 499 503 505 506 522 564 567 569 636 652 666 685 693 719 782 836 1401 1403 1404
1140 12 29 90 98 116 184 188 210 260 284 300 371 523 566 595 599 664 706 858 880 1001 1134 1138 1281 1282 1304 1350 1487 1489 1498
1141 88 98 402 404 612 619 661 726 728 993 1019 1089 1258 1336 1386 1495 1505 1528
1142 12 14 29 85 98 99 101 132 133 135 144 165 174 177 196 210 252 263 266 301 311 317 361 364 366 370 371 372 374 381 429 559 566 570 662 664 710 715 806 897
1143 5 19 24 42 46 68 96 98 99 100 144 208 238 334 384 408 459 505 534 589 593 598 602 682 708 826 944 1194 1195 1444 1486
1144 33 49 58 70 92 98 104 146 286 341 345 356 383 384 387 396 400 401 473 516 603 666 693 697 698 858 981 1001 1002 1116 1141 1142 1143 1146
1145 49 68 76 98 100 217 218 223 229 322 323 334 386 402 404 473 486 532 589 593 611 663 731 767 797 844 995 1114 1202 1204 1369 1429 1522
1146 210 223 233 905 1044 1049 1382 1511
1147 12 42 46 61 63 68 75 92 94 98 100 174 176 188 218 223 231 239 258 277 306 338 346 567 570 571 699 883 995 1052 1073 1185 1210 1270 1302 1436
1148 29 47 69 132 146 149 155 160 166 169 173 174 181 250 252 260 277 301 304 318 360 365 379 381 552 743 748 749 917 1042 1468 1517
1149 12 42 61 63 68 69 84 90 98 100 104 212 219 222 224 235 373 381 408 410 412 486 571 699 729 731 830 844 1073 1385 1461 1481 1495
1150 4 7 8 19 21 46 51 54 55 79 93 94 100 224 249 253 286 308 379 391 422 460 488 524 583 588 589 657 758 956 1186 1304 1523
1151 40 66 75 191 209 258 279 291 345 404 462 473 500 540 608 615 698 797 874 883 929 1003 1012 1119 1140 1156 1207 1275 1321 1322 1324 1348 1513
1152 3 5 12 14 39 45 46 68 96 133 149 170 172 219 238 320 368 579 583 593 607 706 743 760 897 956 987 1186 1224 1459 1484
1153 29 61 68 69 90 132 135 142 144 148 160 162 165 166 167 174 177 179 187 242 257 277 296 364 365 366 370 372 379 490 566 662 751 786 809 1372
1154 235 337 347 407 416 418 582 593 655 721 914 975 1043 1094 1095 1096 1100
1155 24 55 83 100 106 108 211 226 233 614 620 625 710 724 763 912 973 1016 1047 1049 1214 1249 1316 1428 1441 1511
1156 445 455 496 502 518 567 594 675 676 774 932 1024 1108 1109 1130 1161 1513
1157 14 33 63 82 83 88 98 101 149 260 390 393 636 727 901 993 1223 1263 1302 1367
1158 42 73 94 102 107 226 232 235 346 352 353 358 536 602 729 905 906 912 913 973 1288 1289 1290 1293
1159 158 187 220 334 524 995 1087 1183 1187 1188 1263 1456
1160 14 22 70 98 114 118 120 123 125 131 231 379 380 494 498 503 504 525 541 586 593 662 710 844 869 898 1019 1055 1178 1391 1448
1161 12 143 144 150 160 166 242 247 251 296 306 319 404 538 571 574 576 715 733 786 797 809 1072 1122 1179 1218 1361 1388
1162 50 55 75 85 99 104 146 174 192 196 206 207 268 277 278 281 292 309 310 313 441 459 462 529 559 598 629 644 666 805 879 1012 1024 1113 1157 1158 1228 1321 1357
1163 18 29 34 133 135 144 145 146 147 156 162 165 244 298 362 364 366 370 373 423 565 589 662 742 897 938 1001 1090 1163 1358 1361
1164 5 24 42 46 48 55 72 89 96 98 101 210 212 218 222 223 224 231 233 342 346 349 358 380 571 589 710 729 769 840 909 993 994 1049 1246 1427
1165 40 49 64 419 433 435 436 437 439 442 448 500 511 521 608 615 684 722 723 781 878 977 1008 1011 1105 1108 1160
1166 29 118 132 133 134 136 146 152 153 159 160 168 171 177 181 186 199 201 241 244 247 252 254 264 370 379 425 488 741 809 933 1244 1379 1517
1167 4 14 34 49 135 139 142 144 146 160 175 176 177 196 247 292 296 308 361 379 423 429 491 498 513 606 742 785 932 946 1052 1259
1168 4 14 18 29 115 132 133 139 140 142 144 146 149 160 170 177 193 194 241 250 252 296 297 301 321 364 428 488 534 784 936 963 966 1050 1163 1180 1227 1277
1169 4 29 45 115 122 132 133 136 137 142 145 146 149 166 175 179 194 201 224 296 297 298 307 308 486 488 534 593 785 936 966 1177 1201 1204 1227 1269 1277
1170 12 34 42 68 73 80 86 88 98 100 158 183 188 212 218 222 224 231 237 346 368 391 465 486 571 607 699 715 731 766 769 837 840 1177 1269 1429 1432 1520
1171 42 48 68 72 73 83 90 91 93 96 98 100 211 212 215 218 226 228 231 233 238 306 358 527 600 602 625 729 730 763 765 769 909 1049 1369
1172 29 132 133 136 143 144 146 176 177 196 199 244 247 250 255 277 301 316 361 370 378 423 429 735 736 746 750 935 955 1042 1169 1261 1379 1510
1173 4 14 29 118 132 133 135 136 139 142 143 144 149 154 157 159 172 174 179 181 247 252 260 296 297 316 327 364 370 372 379 429 495 558 565 746 897 899 1054
1174 14 45 115 122 131 132 133 134 135 136 137 138 139 140 143 145 146 148 154 160 166 170 187 196 241 251 252 292 296 379 481 486 494 529 751 789 937 1180 1277
1175 49 68 82 103 228 287 334 384 459 462 466 472 479 587 598 608 609 650 659 724 763 846 916 919 1004 1041 1126 1266 1331 1333 1441
1176 50 74 75 118 120 133 153 272 277 298 307 366 379 483 490 518 542 562 607 785 993 1029 1035 1114 1123 1187 1255 1329
1177 29 45 118 119 121 129 132 136 138 139 143 145 157 159 167 173 265 379 494 898 899 900 1377 1381
1178 75 172 192 207 209 260 270 271 273 276 277 278 384 417 441 458 567 599 635 664 702 873 916 1130 1131 1155 1275 1466
1179 11 25 40 48 52 87 211 232 358 407 414 465 729 796 908 977 996 1020 1064 1289 1290 1375 1430 1515
1180 14 29 34 45 65 133 135 146 174 177 247 260 277 322 334 390 393 402 403 460 488 516 523 542 548 661 663 726 796 941 1030 1044 1147 1386 1409
1181 14 55 85 99 132 133 136 139 142 144 149 165 224 250 252 256 277 299 301 310 315 317 319 361 365 376 379 538 570 664 759 760 1203 1298 1370 1471
1182 12 42 68 79 89 99 101 104 187 198 212 260 286 294 306 319 372 381 384 464 575 629 666 719 767 768 773 852 865 1297 1454 1487
1183 8 83 93 98 99 142 218 238 306 307 311 323 332 386 393 396 404 532 571 697 765 784 883 925 979 1006 1117 1125 1140 1246 1264 1266 1356 1436 1494
1184 46 62 66 103 108 191 339 407 456 462 609 615 640 651 654 716 977 978 1036 1311 1412
1185 85 101 210 266 277 280 310 313 371 376 408 459 563 641 658 702 781 880 1314 1427 1477
1186 98 198 223 453 498 502 515 774 777 779 941 1251 1342
1187 48 97 198 358 412 468 472 615 729 768 817 916 1004 1130 1234 1518
1188 8 9 10 15 19 30 32 35 36 37 65 71 116 545 546 547 549 550 554 555 557 888 890 892 940 1058 1151 1423
1189 12 59 61 78 90 91 100 146 286 349 604 610 612 625 769 844 903 1019 1123 1185 1210 1453
1190 82 92 329 734 904 911
1191 46 49 78 98 220 228 231 323 481 500 504 724 753 836 1177 1414 1417 1429
1192 14 29 69 132 133 134 135 138 139 148 151 157 166 169 174 179 247 250 252 264 265 299 301 317 364 370 565 572 738 741 749 789 1277 1278 1379 1396
1193 42 61 72 79 83 88 90 93 94 98 99 225 227 228 346 349 353 355 391 484 571 589 644 658 661 699 762 995 1204 1373 1436
1194 103 237 343 347 405 407 409 466 612 626 655 763 821 1475 1476
1195 17 19 28 36 46 48 75 79 97 103 104 105 195 233 238 286 289 334 390 459 466 523 532 540 575 578 587 594 598 666 724 825 1333
1196 14 17 19 29 83 90 96 98 100 133 135 142 149 158 218 219 223 299 349 364 379 386 391 466 525 532 571 589 623 662 720 925 1044 1195 1201 1203 1209 1319 1410 1483
1197 12 42 61 68 90 92 98 99 100 101 169 174 188 195 218 277 284 306 311 313 319 568 571 589 642 644 648 664 699 707 1074 1092 1138 1164
1198 198 223 339 394 452 455 456 462 498 500 536 609 666 916 1038 1084 1088 1230 1234 1256 1297 1401
1199 49 88 237 384 388 431 517 616 697 723 724 727 732 835 921 1057 1139 1265 1386 1439
1200 0 4 36 46 55 79 97 98 103 133 198 228 383 384 387 396 401 459 464 486 507 559 598 694 697 768 780 817 825 826 861 866 1117 1298 1299 1345
1201 45 98 115 233 324 343 383 604 610 612 661 663 666 723 724 871 1256 1268 1392 1522
1202 135 147 156 174 177 195 206 250 252 256 263 266 309 313 317 371 376 381 440 566 630 633 636 639 647 662 748 874 1082 1163 1335 1379
1203 324 330 331 368 733 797 844 1142 1434 1494 1503
1204 29 69 132 135 138 168 174 176 177 184 199 247 252 254 296 366 376 379 566 741 742 751 809 1270 1315 1424 1510
1205 17 24 55 68 76 92 98 104 107 108 170 195 238 266 269 282 348 397 410 432 537 589 590 618 663 816 849 872
1206 5 33 58 68 97 98 103 198 341 383 498 499 500 503 509 523 603 611 616 666 687 691 693 697 711 724 797 817 887 1001 1004 1309 1310 1340 1387 1502
1207 45 132 133 142 143 144 164 166 174 244 247 250 252 254 256 266 277 304 314 315 364 371 389 559 561 565 935 1054 1247 1463 1517
1208 75 97 103 191 224 281 291 391 497 537 567 674 758 800 878 883 920 974 1010 1061 1108 1311
1209 58 75 103 195 210 250 266 268 281 432 434 437 440 446 448 498 499 513 537 540 567 618 638 644 648 768 872 873 874 881 882 986 1083 1137 1159 1438
1210 42 68 72 83 90 94 95 99 100 211 214 218 224 225 233 306 322 349 410 540 571 600 710 731 918 972 1044 1045 1047 1064 1075 1077 1173 1213 1436
1211 73 76 80 87 95 98 211 227 236 338 340 353 372 386 759 903 918 1020 1210 1331 1459 1479
1212 4 14 29 47 132 133 135 136 138 139 142 143 144 146 151 157 164 166 174 179 199 205 244 247 252 277 301 317 373 495 662 961 962 963 1244 1396
1213 98 324 331 332 464 541 663 768
1214 40 60 66 68 75 191 206 208 210 384 437 439 453 462 499 615 617 673 687 774 779 805 927 932 1008 1062 1091 1346
1215 76 83 87 90 92 95 218 306 349 352 353 355 358 407 512 658 699 868 1017 1020 1085 1210 1249 1293 1304 1373 1431 1440 1441 1478 1493
1216 75 101 104 195 198 281 383 384 400 432 464 466 507 666 802 916 1001 1232 1256 1312 1353 1401
1217 55 86 165 174 210 252 272 277 309 310 313 321 374 376 380 417 440 507 531 560 563 570 590 632 638 664 820 823 985 1023 1137 1199 1341 1359 1487
1218 98 104 322 332 341 399 402 404 523 542 663 719 1135 1142 1171 1503
1219 4 14 29 34 118 132 133 136 137 138 139 146 149 153 154 157 160 164 166 169 181 250 252 265 277 298 316 360 364 365 381 490 495 559 745 751 966 1169
1220 29 43 69 100 144 149 165 178 183 195 206 252 257 266 273 276 313 319 489 529 540 600 658 713 721 762 766 979 1246 1315 1333 1415
1221 29 74 252 300 333 410 484 561 612 869 907 939 956 997 1016 1037 1382
1222 29 44 45 46 55 85 100 101 103 135 136 139 144 146 172 179 195 212 214 266 277 296 310 313 459 498 529 537 598 608 615 629 805 816 874 987 1031 1249
1223 132 134 135 142 144 160 162 165 166 174 177 206 244 247 250 257 263 301 364 365 366 369 370 489 701 742 747 756 897 935 1073 1379
1224 313 408 413 594 628 640 641 1291 1296 1382
1225 19 46 55 61 68 83 84 90 100 101 142 218 222 223 233 266 268 299 313 391 459 523 542 571 589 590 592 598 664 714 767 826 969 972 1176
1226 24 68 79 90 101 196 277 391 469 503 505 593 663 753 840 979 1321 1347 1467 1507 1522
1227 18 45 68 76 83 101 103 104 174 194 196 210 258 269 276 277 278 287 291 383 397 500 505 523 540 590 598 608 872 874 916 932 963 1001 1136 1158
1228 49 223 341 384 430 434 437 439 455 520 537 598 663 697 876 929 1044 1059 1062 1074 1088 1101 1142 1199 1400
1229 19 43 46 54 83 85 92 133 174 196 210 266 278 279 282 292 297 309 310 311 313 365 459 468 590 645 664 967 1024 1237 1306 1357 1359 1370 1416
1230 68 72 85 133 371 417 432 440 629 644 646 781 795 802 1021 1023 1030 1063 1138 1177 1279 1296 1351 1359 1442 1489 1498
1231 49 74 82 88 102 212 235 336 342 350 386 407 470 861 914 1040 1048 1102 1171 1213 1221 1287 1375
1232 4 14 29 118 133 137 144 148 154 160 166 174 176 195 242 247 252 303 308 321 364 365 370 379 420 534 661 751 756 875 1053 1183 1270 1304 1305
1233 12 42 55 61 63 92 176 188 218 266 277 279 282 306 309 313 446 505 529 567 618 630 631 635 638 663 664 665 701 756 805 976 1003 1113 1154 1262 1438
1234 12 38 61 100 142 187 212 217 219 235 286 336 358 407 699 703 811 830 835 1125 1198 1221 1288 1319 1460 1461 1472 1495
1235 12 100 113 124 127 172 791 792 793 794 798 902 904 906 992 1149 1150 1382 1444
1236 2 7 12 42 61 68 79 83 90 98 99 107 212 217 338 380 402 525 542 579 588 593 658 795 796 956 1017 1204 1211 1524 1526
1237 2 11 12 18 54 61 79 92 101 104 150 276 298 306 368 399 460 529 530 658 699 764 802 856 979 1032 1052 1201 1230 1398 1431
1238 29 132 133 135 160 177 190 200 205 247 250 252 296 311 313 317 321 364 370 425 427 565 750 809 957 962 963 1053 1180 1238 1247
1239 123 196 283 486 520 627 844 1078 1114 1211 1319
1240 48 69 217 257 266 280 304 321 340 372 374 534 583 620 647 699 701 706 1050 1064 1073 1076 1209 1249 1266 1370 1412 1507
1241 24 29 55 83 85 101 132 133 144 162 165 174 177 214 219 247 250 252 277 301 316 366 370 423 466 558 568 746 748 935 972 995 1116 1201 1237 1416
1242 4 12 29 42 46 83 100 102 142 218 219 223 228 232 299 303 306 334 353 373 390 410 533 571 589 592 593 710 795 956 1044 1319 1421 1509 1527
1243 42 49 55 75 83 85 98 104 213 215 218 224 228 231 233 234 306 313 334 372 386 466 527 571 589 664 715 724 760 768 769 840 1140 1201 1337 1428 1429
1244 19 267 583 651 668 669 678 680 758 853 1093 1362
1245 12 14 28 29 42 68 83 90 99 101 132 135 136 139 142 144 149 153 161 177 179 183 224 252 318 319 364 372 380 486 538 540 561 662 752 791 844 897 979
1246 5 25 39 74 76 79 98 172 211 223 232 343 355 380 390 404 410 661 718 791 889 902 907 1046 1149 1289 1417 1509
1247 49 98 104 228 345 384 401 404 453 455 462 463 473 498 499 514 666 688 693 694 695 698 724 733 776 778 1002 1140 1265
1248 863 931 1000 1265
1249 192 196 249 258 263 268 311 529 664 701 880 1035 1134 1177 1182 1185 1279
1250 4 14 132 136 143 144 146 162 165 166 174 175 179 250 252 254 296 301 304 315 364 366 370 371 375 379 381 425 427 494 574 747 750 935 1051
1251 45 114 132 135 139 149 168 169 170 171 179 195 265 298 299 309 317 372 498 529 586 660 738 741 883 991 1452
1252 36 46 49 54 98 104 223 228 233 388 402 462 463 470 472 473 498 603 725 732 763 797 860 1049 1072 1268 1297 1420 1457
1253 68 83 85 100 101 133 135 142 144 206 221 224 277 280 306 311 313 319 368 391 413 540 541 566 569 570 571 628 632 636 649 664 1001 1050 1302 1506
1254 42 76 87 88 91 95 211 227 322 336 342 344 353 358 386 390 466 470 472 619 731 763 796 910 918 995 996 1020 1039 1210 1288 1289
1255 28 51 72 76 81 83 86 87 90 91 94 105 211 212 227 232 240 336 338 386 391 589 592 600 626 710 918 1020 1087 1210 1289 1417
1256 42 68 96 97 99 104 107 221 380 536 627 916 1015 1064 1085 1232 1233 1234 1313 1479 1523
1257 42 45 53 61 63 68 79 90 93 96 98 100 142 218 233 286 306 322 390 403 470 571 588 620 660 701 707 710 724 767 1072 1077 1285
1258 54 133 260 524 543 579 614 657 788 980 1102 1355
1259 68 69 90 100 107 132 133 144 170 174 184 195 244 247 252 277 370 374 425 427 493 565 566 742 751 789 790 1026 1027 1031
1260 10 14 42 43 63 68 88 108 158 407 473 523 619 724 729 732 753 833 857 979 1219
1261 14 29 47 85 132 135 136 139 143 144 145 146 149 167 169 173 174 177 196 244 247 254 260 264 298 304 307 316 317 370 379 481 489 561 565 662 701 746
1262 12 68 90 92 99 100 192 195 228 270 278 280 306 345 390 432 537 540 590 607 615 658 699 702 715 874 880 984 1075 1092 1128 1138 1184 1281 1324 1334 1359 1440
1263 53 76 83 90 96 97 98 99 100 102 215 216 218 219 221 222 231 306 322 338 345 353 540 571 589 600 607 715 762 769 919 969 1173 1177 1246 1350 1436
1264 29 55 68 136 166 174 195 250 260 266 277 279 309 379 413 417 560 637 638 640 748 983 985
1265 17 18 28 67 100 142 146 172 195 201 260 269 291 292 311 374 699 721 756 791 872 874 979 1073 1085 1092 1185 1253 1303 1315 1383 1481
1266 24 42 55 68 88 89 96 98 99 214 219 232 233 236 237 312 465 473 709 715 731 763 768 845 1300 1394 1429 1446 1459 1525
1267 43 74 77 78 105 222 228 334 342 353 524 619 704 709 865 887 1039 1087 1372 1444 1518
1268 5 12 45 61 68 86 92 99 101 104 212 228 266 277 280 286 313 319 372 374 540 607 615 633 699 714 721 756 976 1063 1064 1076 1077 1245 1334 1409 1477
1269 14 45 118 132 133 134 135 136 138 144 146 147 153 160 168 171 172 177 199 247 252 259 263 264 359 363 366 370 565 570 741 1276 1379 1398 1510
1270 12 42 46 49 61 68 76 96 98 100 212 218 223 231 286 338 389 437 443 568 620 635 661 701 726 781 836 837 840 1044 1074 1092 1403 1472 1525
1271 142 217 224 265 299 305 312 372 380 410 592 602 790 897 915 956 1050 1177 1226 1247 1269 1484 1516 1521
1272 139 483 663 1147
1273 0 19 46 65 357 475 541 542 547 548 550 554 555 577 582 593 669 681 753 815 822 888 893 1044 1089 1217
1274 73 83 88 92 158 174 198 222 306 323 383 384 389 397 439 453 498 503 504 506 540 664 674 676 692 694 695 698 719 774 782 805 1129 1141 1160 1344 1401
1275 29 69 132 133 136 137 138 143 144 146 148 149 154 166 167 174 177 195 244 247 252 277 316 317 364 366 367 379 491 505 529 559 593 606 664 745 750 809 1169
1276 12 42 46 76 98 99 104 141 210 277 319 383 391 452 540 571 592 599 715 762 767 773 880 1001 1015 1086 1182 1371 1415 1430 1459 1493
1277 4 29 43 47 59 120 122 125 133 142 158 359 379 398 426 482 662 753 764 843 946 948 952 1180 1229
1278 12 14 45 83 118 133 247 252 303 351 571 593 711 1052 1187 1188 1263 1338 1358 1409
1279 12 29 43 47 132 134 136 143 144 145 146 149 153 199 252 259 260 299 317 359 364 379 552 561 565 701 736 897 899 1028
1280 4 29 45 115 118 122 131 132 133 135 136 138 139 143 146 152 153 160 172 247 296 298 327 365 423 573 662 785 787 934 956
1281 29 118 132 133 139 149 169 179 195 247 252 254 263 277 317 486 558 565 736 746 748 808 1165 1191 1240 1378 1415 1443
1282 42 73 88 98 99 100 102 114 188 218 229 230 231 236 237 372 380 382 589 600 715 726 836 838 839 846 1114 1298 1319 1433 1527
1283 19 40 42 46 55 68 89 100 103 158 188 228 230 372 483 530 540 542 607 608 618 805 929 993 1001 1177 1184 1188 1190 1384 1512
1284 118 120 122 130 133 158 186 196 420 836 845 1229 1239 1243 1298
1285 29 42 73 76 83 90 93 96 98 100 142 206 215 218 225 229 231 306 364 372 373 386 516 589 710 715 724 769 993 1125 1177 1440 1527
1286 191 194 279 281 283 293 413 430 432 437 438 439 446 527 590 628 629 640 644 781 878 1011 1105 1138 1174 1465
1287 27 45 46 49 50 58 98 382 384 388 389 390 399 473 481 503 663 690 724 768 842 845 858 993 1114 1132 1298 1345 1349 1452
1288 162 210 213 256 277 278 284 309 313 371 374 440 540 563 568 630 641 649 664 880 953 1053 1138 1167 1237 1245 1405 1489
1289 4 14 45 85 118 131 132 133 142 143 160 166 179 194 200 203 205 490 649 747 784 785 957 960 961 963 966
1290 29 59 92 100 132 144 146 149 162 165 174 178 247 252 254 260 266 311 365 366 372 377 381 410 427 493 629 699 743 749 1372 1416
1291 4 29 132 135 139 143 144 146 149 166 168 177 229 241 244 252 264 304 364 374 490 523 558 565 935 953 1247 1442 1443 1462
1292 12 88 98 114 250 260 345 356 386 399 402 403 404 619 666 707 724 726 727 728 733 771 791 918 1140 1143 1258 1282 1375
1293 5 12 83 165 223 250 256 310 313 368 415 417 563 568 594 632 635 640 642 649 658 664 1023 1066 1177 1237 1466 1472 1487
1294 29 110 115 132 133 135 136 138 139 144 145 149 150 156 160 161 176 177 196 205 244 247 252 317 364 374 486 529 897 1122 1183 1185 1270
1295 46 68 85 101 137 138 148 166 174 263 266 277 315 365 366 368 372 381 427 559 562 566 570 590 664 1082 1163 1226 1244 1414 1450 1464
1296 14 131 132 133 136 139 143 144 149 151 161 165 166 170 173 174 179 181 199 247 250 252 296 308 316 364 366 370 379 381 561 749 935 1244 1380 1396
1297 0 8 12 15 20 21 26 31 32 36 41 46 59 71 100 101 116 286 334 390 395 470 476 545 547 550 553 554 581 582 725 753 820 893 1036 1219 1326
1298 29 101 133 134 135 138 139 140 144 146 149 153 154 157 160 176 177 179 195 208 247 252 260 271 277 309 320 364 365 490 751 1271 1277 1315 1427
1299 0 4 11 12 19 36 55 61 65 116 212 257 364 491 700 706 764 926 979 1186
1300 29 75 101 133 135 136 137 139 143 144 152 156 159 160 165 166 174 177 244 247 250 252 260 277 278 296 301 304 313 364 366 376 379 381 490 558 745 747 809 1082
1301 47 63 109 118 132 133 135 137 143 145 149 161 170 174 176 242 247 263 266 277 309 315 364 556 570 741 809 880 953 1052 1237 1471
1302 49 73 74 95 98 223 338 349 377 383 384 461 539 602 752 1078 1188 1210 1221 1518
1303 29 43 85 101 133 135 138 142 149 166 174 177 195 196 199 206 210 244 247 257 263 277 298 313 364 366 373 374 425 523 529 570 979 1315
1304 4 29 45 83 84 98 100 104 117 132 133 136 139 144 146 149 196 228 252 263 312 313 334 364 379 381 423 459 486 516 523 586 664 806 957 961
1305 19 55 62 338 399 486 579 621 895 1044 1289 1483
1306 11 47 55 56 68 75 103 197 291 357 408 607 849 1028 1071 1094 1130 1175
1307 61 63 132 134 135 139 141 144 147 158 169 183 195 196 209 258 276 311 313 368 379 395 556 702 756 872 1136 1190 1237 1238 1315 1384 1520 1521
1308 4 14 29 61 118 131 132 135 136 138 140 142 143 144 146 154 157 160 161 166 167 174 176 177 179 247 251 296 298 365 366 420 486 490 529 751 785 981 1053 1381
1309 55 98 133 190 195 203 241 245 254 260 268 271 273 276 278 285 446 808 877 1150 1185 1278 1347
1310 5 14 29 42 45 49 68 69 83 92 104 144 146 149 170 218 219 250 252 260 266 279 286 317 371 374 383 384 400 516 540 565 636 662 666 715 724 1001 1129
1311 24 42 73 74 76 79 81 98 102 212 217 226 232 334 344 349 351 353 386 593 621 733 912 918 973 1046 1264 1288 1289
1312 4 14 45 58 69 104 117 118 130 132 133 136 139 158 160 169 179 183 194 247 252 254 277 291 296 308 311 314 315 345 361 364 370 429 567 664 697 932 963
1313 5 19 40 42 44 55 68 85 92 208 292 397 413 473 505 608 620 685 758 853 932 1110 1130 1199 1435 1453 1467
1314 98 165 169 193 217 250 252 277 297 300 320 371 374 486 748 759 760 790 807 1218 1389 1442 1462 1520
1315 5 6 11 17 28 39 73 102 114 236 237 336 340 405 407 602 913 1071 1097 1100 1101 1282 1461
1316 22 29 45 104 115 118 136 138 139 144 146 149 153 169 170 173 174 254 264 379 494 529 565 573 791 898 902 1223 1417 1468
1317 29 45 85 133 134 135 138 139 144 165 166 168 172 174 177 181 183 195 207 244 247 250 256 263 266 273 277 282 301 304 317 366 570 703 748 948 1224
1318 1127 1500
1319 4 34 118 132 134 136 138 142 144 166 173 181 199 217 247 252 266 277 301 305 317 366 367 370 372 374 379 558 559 561 593 743 750 803 844 935 938 1271
1320 75 90 92 210 269 291 410 430 438 440 443 447 621 636 641 719 974 1172 1427
1321 29 42 68 69 142 149 174 223 229 309 373 489 523 534 658 662 664 706 710 759 795 967 995 1021 1075 1090 1218 1308 1517
1322 55 68 83 85 99 100 101 195 210 263 313 523 589 598 629 636 769 773 802 812 925 1063 1077 1246 1266 1313 1343 1352
1323 19 29 75 85 101 104 133 144 174 195 196 250 252 266 297 311 361 389 516 520 523 559 564 570 598 606 630 638 664 666 749 805 806 808 861 916 1090 1405
1324 75 195 198 430 432 452 540 618 776 783 883 1003 1174 1364 1374 1508
1325 5 14 19 29 34 42 51 76 83 98 133 142 149 312 349 364 372 393 466 593 784 972 995 1015 1079 1177 1221 1391 1429 1433 1456
1326 12 19 26 28 40 46 79 83 92 101 104 195 218 223 225 233 386 391 460 473 475 532 540 571 587 588 589 607 666 769 979 1044 1055 1260 1384 1411
1327 49 291 453 455 457 462 499 500 511 514 609 616 654 666 674 688 776 1105
1328 14 68 85 122 132 133 138 140 143 148 153 160 167 170 195 196 266 268 271 277 292 313 379 420 491 701 874 884 933 1028 1073 1305 1315 1347 1449
1329 75 192 195 276 279 281 432 434 435 437 439 443 458 502 684 805 930 1011 1159 1346
1330 2 5 13 29 83 99 106 133 144 174 211 225 297 298 372 373 410 575 583 594 596 710 712 714 715 720 795 921 924 1015 1218 1416
1331 29 68 132 133 136 144 149 187 196 247 260 277 298 372 376 377 531 552 749 954 1247
1332 29 48 74 514 541 604 612 783 1031 1108 1251 1426
1333 12 43 46 72 85 98 100 142 170 179 206 218 298 318 391 489 535 611 737 773 1001 1028 1178 1422
1334 48 358 414 653 763 1049 1234 1249 1316 1469
1335 8 19 24 42 43 45 76 86 92 93 100 103 108 228 233 234 306 380 390 391 532 550 554 581 582 583 588 591 607 707 825 1044 1049 1100 1509 1523
1336 544 604 723 869 1387 1392
1337 0 19 46 50 55 108 201 233 286 334 349 390 472 477 553 587 593 619 820 1036 1044 1214 1320 1505
1338 19 44 54 57 201 286 368 390 612 677 679 681 683 820 993 1187 1193 1252 1263 1268 1474 1505
1339 430 433 451 454 456 637 1022 1062 1172
1340 6 19 25 28 54 73 104 108 142 217 465 594 621 820 924 1059 1071 1273 1363 1509 1526
1341 12 42 43 45 68 98 100 103 132 136 139 149 254 269 285 287 291 317 320 337 384 417 532 567 618 728 791 1224 1363 1413
1342 5 11 17 225 347 532 594 622 711 712 713 718 720 831 868 914 1124 1201 1250
1343 0 2 8 10 12 19 20 42 43 46 65 103 108 195 196 268 269 292 384 477 523 549 550 554 578 581 598 825 850 853 874 893
1344 24 42 55 68 72 76 86 94 96 100 106 107 219 223 232 233 334 340 349 460 465 583 588 592 601 620 627 700 767 796 1015 1044 1293 1458 1523
1345 111 124 128 260 350 911 920 1233 1492
1346 5 12 14 28 42 49 68 76 79 83 98 100 104 142 174 218 228 231 233 239 286 306 311 317 334 402 459 462 486 589 658 663 715 836 840 968 982 1179
1347 12 29 68 75 83 92 101 104 132 133 135 139 144 149 162 169 174 195 196 263 277 311 313 315 486 529 540 568 660 701 719 953 1130 1315 1403 1405
1348 14 29 132 133 135 136 139 142 144 146 147 149 174 175 177 196 199 242 250 252 260 266 277 296 301 311 313 315 361 364 389 427 429 558 561 664 746 751
1349 19 46 55 68 75 100 149 214 219 229 233 246 398 460 589 602 657 704 719 768 1040 1104 1453
1350 0 3 7 10 14 17 19 21 31 42 49 54 57 65 71 103 337 460 469 476 478 485 545 547 554 578 583 622 888 893 1217 1250 1307 1326 1338 1526
1351 29 43 45 115 118 132 134 135 138 141 147 168 177 262 316 364 488 495 1153 1163 1226 1365 1443
1352 14 29 43 45 63 116 132 133 137 144 149 188 251 266 286 306 364 379 489 516 660 662 943 1168 1181 1241 1261 1298 1452
1353 4 61 99 118 129 132 135 136 137 138 139 142 143 144 146 148 153 154 160 167 170 172 173 174 183 185 265 311 321 486 571 751 784 897 955 1053 1073 1269
1354 8 42 72 88 89 211 286 334 342 346 349 351 390 460 464 466 472 541 588 591 627 653 905 909 1044 1072 1086 1214 1316 1375 1376
1355 12 42 61 68 83 100 133 164 174 177 195 218 256 266 306 368 371 381 417 440 516 529 568 570 571 640 707 756 806 874 958 1074 1158 1235 1463 1520
1356 12 29 42 50 55 68 79 83 85 98 100 101 193 305 306 372 394 486 524 589 593 707 715 767 768 865 1123 1323
1357 47 69 132 135 136 139 144 149 154 162 177 181 244 247 252 256 277 297 317 362 364 365 366 374 379 381 529 558 565 742 750 756 806 935 1182 1396
1358 5 12 28 49 68 83 100 101 104 232 273 276 402 432 459 516 566 589 594 600 621 647 664 701 714 715 831 908 1000 1069 1287 1509
1359 14 42 49 75 76 77 97 98 103 210 218 286 307 337 410 464 480 589 590 599 724 758 795 994 1088 1201 1352
1360 29 69 132 133 135 136 137 139 143 144 153 154 162 166 174 176 178 181 244 247 317 366 375 379 425 490 574 747 750 809
1361 29 68 73 83 95 99 100 176 192 213 276 306 381 571 632 643 647 715 872 925 1092 1123 1313 1315 1432 1514
1362 4 47 83 132 133 136 143 144 157 159 168 173 174 179 247 252 254 265 297 304 315 316 317 361 379 423 427 429 486 558 662 736 745 746 749 1050 1051 1054 1169
1363 12 28 49 58 71 92 111 198 210 218 223 228 286 291 383 384 394 540 567 597 598 652 694 719 724 773 782 1000 1068 1104 1241 1256 1343 1509
1364 46 453 499 519 652 697 768 774 775 859 1139 1170 1232 1251
1365 4 14 29 34 43 68 118 132 136 138 139 142 145 146 153 170 173 174 175 179 219 296 298 307 308 365 379 486 494 573 752 784 785 813 869 897 1050 1177 1201
1366 4 14 28 34 109 115 118 121 122 135 136 138 139 144 145 173 176 177 181 186 254 311 327 374 483 751 844 897 899 979 1417 1451
1367 7 12 22 33 40 49 56 67 90 111 195 223 236 266 267 323 341 372 410 413 498 583 594 598 628 634 640 699 705 721 819 1138 1140 1173 1281
1368 29 68 69 85 98 135 165 174 177 210 224 247 250 257 263 277 303 313 370 371 566 570 661 710 786 880 1183 1370 1395 1463 1486
1369 19 68 75 92 291 383 444 453 498 499 501 514 519 523 598 609 666 670 672 685 691 693 694 698 774 776 797 859 1001 1002 1041 1108 1418
1370 28 29 63 75 135 137 144 146 188 210 223 250 252 277 280 311 365 382 566 570 715 782 1240 1266 1391 1403 1422 1433 1487
1371 12 42 46 49 50 54 55 68 73 75 79 82 89 93 98 99 238 266 283 306 336 341 460 465 486 500 520 532 608 620 698 767 846 995 1131
1372 12 83 96 98 100 142 214 218 277 278 381 391 473 523 541 543 589 659 710 715 760 769 861 925 1000 1045 1125 1201 1230 1266 1306 1361
1373 4 28 29 132 133 142 144 149 174 205 292 305 308 313 379 421 423 424 428 488 719 721 737 933 957 961 1050 1197 1308 1328 1398
1374 0 7 14 19 232 286 299 305 354 545 547 548 550 554 579 589 677 758 891 1044 1046 1195 1307 1362 1483
1375 5 12 14 19 33 42 45 51 61 82 94 98 104 201 334 368 374 547 571 589 611 726 800 867 1027 1056 1219 1268 1338 1386
1376 56 231 498 500 504 507 513 687 691 724
1377 29 54 62 112 133 135 137 158 195 196 207 250 252 267 268 270 274 278 365 440 486 534 568 598 629 638 644 805 845 932 1024 1074 1181 1235 1414
1378 8 46 50 65 76 77 98 100 104 158 198 201 218 219 223 231 238 338 382 383 389 452 460 466 486 506 602 657 767 1069 1078 1152 1414 1426 1473
1379 12 14 19 28 29 42 46 55 68 83 90 95 96 97 100 139 142 218 228 285 310 365 372 391 486 527 540 543 589 607 644 925 1052 1123 1266 1297 1372
1380 24 93 96 98 100 195 214 223 225 232 233 286 303 306 384 413 470 533 592 620 707 715 765 770 796 1069 1072 1285 1303 1333 1384 1421 1436 1465
1381 49 61 90 97 98 219 312 323 338 349 372 373 383 523 541 571 589 600 661 701 769 773 864 967 969 972 995 1116 1126 1201 1220 1246 1266 1410 1453
1382 41 42 46 49 82 92 101 103 238 384 477 590 594 607 628 651 677 678 679 681 682 683 719 815 1007 1193 1208 1250
1383 47 132 143 241 262 264 361 429 757
1384 29 45 132 133 142 174 195 224 252 279 301 311 446 459 486 598 602 629 682 752 816 819 1194 1343 1414 1431
1385 49 83 98 322 323 386 393 404 464 470 473 486 532 571 661 697 724 727 733 755 768 797 865 1084 1114 1140 1145 1147 1356 1376
1386 4 14 118 129 131 132 133 134 135 138 140 143 144 146 149 153 154 158 160 164 169 177 179 181 193 301 359 365 420 662 756 963 1033 1180 1181 1365 1396
1387 40 42 49 60 66 97 98 108 191 228 283 462 500 526 605 617 738 927 1084 1110 1212 1251 1311 1322
1388 42 235 337 347 405 407 409 655 870 913 975 1071 1093 1094 1096 1098
1389 14 22 29 45 75 99 100 104 133 139 144 195 218 241 266 268 277 285 301 317 381 383 402 498 523 529 559 630 636 647 805 806 1000 1082 1207
1390 61 63 92 98 99 100 101 144 169 170 174 210 218 244 254 260 263 284 306 313 318 374 382 383 389 565 568 589 643 699 715 846 916 1052 1443 1472
1391 14 29 117 132 133 136 139 144 149 162 170 183 231 252 254 263 304 353 364 385 481 486 489 568 665 741 748 753 953 1224 1229 1510
1392 5 29 51 55 83 92 101 104 144 174 192 195 244 277 279 306 319 334 364 384 490 498 540 567 571 666 715 768 795 803 806 858 861 1001 1068 1170 1201
1393 14 115 118 133 161 379 421 593 610 612 757 1028 1033 1263 1317 1358
1394 4 14 34 45 118 132 133 135 138 142 143 144 146 149 157 166 169 172 174 177 179 181 247 260 296 301 304 361 364 370 379 429 565 735 747 791 897 935 1054 1165
1395 5 24 42 68 83 86 96 97 100 106 142 211 212 215 234 238 291 355 390 540 579 589 593 607 620 699 715 765 767 769 916 1134 1173 1177 1332 1375
1396 42 73 76 83 90 96 97 98 99 100 210 213 218 219 222 224 225 232 299 306 320 372 373 380 386 486 532 571 589 600 710 715 731 767 918 972 1201 1294 1372 1388
1397 68 75 100 150 179 196 199 247 262 277 292 308 362 364 365 370 379 529 742 756 789 921 1163 1253 1315 1380
1398 29 47 85 98 101 132 133 139 144 149 166 174 196 252 277 315 361 381 558 559 561 566 568 938 953 1165 1237 1240 1365 1443 1450
1399 49 104 142 154 174 176 224 229 236 277 321 365 366 380 410 706 784 790 995 1050 1177 1204 1221 1388 1414
1400 4 118 129 132 133 136 137 138 139 143 144 145 152 153 155 157 160 166 167 174 177 179 196 251 252 277 296 364 365 373 379 425 488 490 788 809 1122 1180
1401 45 55 68 78 83 92 98 142 218 219 221 222 229 231 277 306 349 391 393 486 543 589 636 710 769 770 773 839 865 969 1116 1218 1230 1306
1402 83 86 90 92 97 104 114 214 233 237 260 269 276 286 386 410 473 532 537 571 589 719 724 773 917 920 1104 1308
1403 42 98 322 323 328 334 335 383 404 661 697 724 753 886 903 997 1258 1268 1307 1339
1404 33 68 133 201 210 364 365 481 587 662 663 699 753 813 848 897 946
1405 29 47 118 132 138 139 144 147 171 177 179 181 195 199 204 241 245 247 252 262 298 304 495 534 806 1278 1510 1517
1406 14 29 132 135 136 138 139 140 143 144 145 149 151 157 164 173 181 199 247 252 308 316 317 373 378 379 494 572 788 789 897 899 933 1073 1153 1271 1379
1407 5 24 42 55 83 98 99 103 126 211 218 219 224 227 306 320 404 540 589 600 602 710 731 769 770 918 995 1126 1201 1230 1375 1525
1408 29 43 45 129 131 132 133 134 140 144 146 148 160 164 166 167 179 247 252 253 254 301 305 307 311 365 366 370 420 426 488 490 751 791 809 1180
1409 55 75 76 90 99 215 231 346 452 465 484 566 571 658 699 702 706 756 801 910 1134 1177 1201 1230 1375 1410 1432 1441
1410 42 75 100 277 287 310 536 568 599 658 765 1134 1203 1359 1401 1430 1465
1411 12 42 50 54 86 89 99 105 107 223 233 236 266 286 294 299 319 345 358 460 466 524 607 620 658 729 847 921 1003 1131 1177 1205
1412 68 85 101 104 144 146 158 174 195 206 210 266 287 299 309 313 371 372 381 566 630 633 634 636 643 646 664 719 812 1063 1296 1352 1357 1359
1413 5 9 12 14 16 19 45 46 71 116 131 135 286 407 512 545 550 552 553 607 718 725 863 933 1036 1056 1074 1219 1307 1340 1502
1414 58 75 92 258 294 383 384 401 432 442 455 462 498 499 504 516 517 598 666 670 693 694 774 776 863 864 999 1105 1132 1205 1418 1437
1415 1 2 3 4 14 17 42 49 53 55 61 64 90 93 95 100 311 345 571 608 708 711 795 883 910 997 1017 1175 1189 1272 1282
1416 58 75 98 184 186 247 323 364 383 402 473 523 663 724 751 754 813 1027 1029 1030 1035 1129 1146
1417 12 42 68 90 212 281 284 358 371 384 412 432 443 446 448 451 457 498 500 518 729 783 805 1011 1061 1062 1065
1418 4 14 29 34 45 131 132 133 136 139 140 142 149 153 159 179 180 219 252 265 298 299 305 365 379 422 481 593 790 956 963 1050 1195 1200 1319
1419 29 132 133 134 135 136 137 138 139 145 146 153 160 166 170 171 174 176 206 247 251 264 277 298 309 365 490 566 701 740 785 791 809 1122 1370 1397
1420 58 92 101 158 192 195 196 198 258 273 276 286 345 383 384 389 404 498 506 517 523 540 598 607 636 658 666 719 805 880 883 916 1001 1006 1246 1348 1452
1421 45 109 118 129 131 132 133 136 139 155 157 159 163 168 171 173 181 300 494 561 565 956 987 1054 1224 1225 1396
1422 12 19 42 55 65 68 83 90 96 97 98 104 187 195 210 223 233 239 277 332 345 346 382 383 384 399 402 464 466 540 608 658 659 726 728 919 1394 1525 1528
1423 8 22 29 46 49 71 98 99 286 323 334 357 383 392 404 410 470 473 474 523 553 585 611 661 663 666 724 780 893 894 895 1212
1424 49 58 92 98 104 306 322 383 386 388 400 404 464 473 516 523 661 697 698 726 727 754 755 797 919 1001 1034 1116 1145 1340 1349 1400
1425 5 12 17 24 33 42 46 49 54 61 74 90 96 98 100 142 218 298 383 390 402 473 579 589 593 662 724 728 734 1040 1220 1264 1297 1300 1414 1503
1426 100 279 437 440 452 641 646 881 983 1061 1083 1401 1470
1427 4 14 29 101 118 132 133 136 137 139 144 146 160 166 169 174 265 296 297 299 305 317 318 379 428 480 495 579 745 749 785 956 1050 1244 1273 1460
1428 19 46 55 223 233 238 289 334 472 579 700 780 865 1192 1255 1480
1429 17 58 67 266 267 279 281 283 289 431 497 531 586 618 678 682 683 780 826 1008 1192 1208
1430 29 47 76 133 139 142 144 149 153 159 169 181 225 252 254 266 319 372 373 379 495 531 561 703 721 749 752 795 1050 1378 1390
1431 4 14 29 34 45 90 99 118 132 133 134 135 136 138 139 142 144 157 162 163 174 177 181 183 247 250 252 277 297 301 317 361 370 379 429 573 841 897 1122 1190
1432 4 133 144 158 165 166 167 170 186 196 199 247 251 252 254 260 266 277 296 304 316 317 364 366 370 381 427 459 486 559 568 735 748 785 806 935 1050
1433 12 29 68 83 90 99 100 136 137 139 144 174 214 218 225 231 239 241 242 245 301 319 364 372 391 453 480 538 593 598 715 769 897 956 1180 1201 1298
1434 85 174 192 268 270 273 278 285 290 309 310 381 432 446 529 537 566 630 640 648 716 721 872 879 882 1136 1155 1207 1321 1324 1348 1438
1435 29 45 68 76 114 149 169 172 195 225 278 290 305 372 373 396 589 594 692 850 1260 1266
1436 75 82 85 90 98 100 103 104 114 210 228 266 309 323 386 404 540 590 658 663 666 702 801 805 810 812 883 916 967 1088 1104 1182 1231 1281 1295 1359
1437 3 4 12 14 34 118 122 129 136 139 140 146 174 175 179 186 196 201 252 277 292 365 379 381 530 534 701 753 897 936 951 987 1180 1328
1438 45 98 322 334 402 470 523 768 822 995 1086 1141 1147 1152 1213 1320 1376 1386
1439 44 461 469 604 895 923 945 1217 1474 1512
1440 19 40 46 66 75 98 103 196 228 267 282 336 339 393 457 459 496 497 567 594 598 618 628 654 697 722 801 826 864 897 916 932 1011 1504
1441 5 29 73 88 98 172 177 210 300 407 408 415 417 647 658 689 721 759 833 1043 1093 1438
1442 4 11 14 57 71 131 194 201 524 580 922 1250 1425
1443 88 300 322 324 334 402 474 624 794 889 922 1039 1094 1214 1331 1376
1444 40 42 66 68 73 185 283 340 343 436 439 455 457 462 499 500 510 514 603 629 654 655 800 836 878 901 929 1119 1184 1311 1384 1512
1445 11 42 102 349 353 372 465 588 790
1446 10 45 359 534 753 857 1325
1447 6 19 42 46 49 61 98 107 116 212 286 400 492 526 542 614 724 844 1135 1246 1316 1473 1474 1502
1448 49 104 334 341 384 453 464 473 498 499 517 523 663 666 670 672 695 697 724 727 753 768 860 931 993 1000 1002 1112 1118 1258 1309 1420 1437 1457
1449 4 29 132 135 143 144 146 149 157 159 164 174 177 181 244 247 250 252 265 316 321 370 373 377 379 381 427 558 559 561 897 956 1050 1051 1226 1396 1416
1450 12 45 47 49 58 100 195 196 283 286 333 398 517 526 537 602 616 788 819 874 1338
1451 11 24 28 43 52 158 217 236 286 338 345 380 462 465 542 615 763 800 827 916 995
1452 29 47 132 133 134 144 147 149 151 166 168 169 174 199 200 252 254 304 316 429 565 568 748 803 1054 1153 1240 1379 1405 1443 1450
1453 4 14 29 119 133 137 139 142 143 144 146 153 158 175 176 179 252 298 308 316 319 360 481 486 753 841 843 956 1148 1223 1400 1485
1454 12 19 42 49 54 64 82 92 96 98 99 105 218 228 266 286 306 345 386 461 532 608 626 701 707 765 852 883 1036 1059 1073 1111 1250 1430 1432 1453
1455 12 14 29 63 76 95 101 133 139 142 144 149 157 162 168 169 174 177 188 241 244 247 250 252 277 305 315 379 385 565 568 570 711 749 803 953 1201 1405
1456 7 42 68 72 76 88 93 95 96 99 211 217 226 227 229 232 233 346 349 525 600 699 710 731 763 765 772 844 918 1052 1072 1280 1428 1453
1457 38 358 412 723 729 730 821 822 830 1049 1251 1291 1360 1393 1475 1496
1458 18 43 49 58 67 70 75 93 98 197 207 237 248 309 384 388 399 401 516 523 529 662 685 693 698 753 812 880 993 1000 1028 1265 1309 1340 1482 1501
1459 58 60 103 104 191 266 268 276 383 396 404 453 498 499 501 502 540 629 666 692 693 694 697 698 724 805 999 1009 1068 1109 1119
1460 17 46 98 175 286 326 327 334 354 355 390 404 542 550 663 893 1046 1086 1089 1327
1461 5 9 19 20 46 65 302 552 581 825 1127
1462 0 14 22 32 43 65 68 98 140 364 399 488 492 523 534 550 726 1058 1180 1409
1463 33 49 175 237 327 383 388 473 487 505 523 585 586 663 797 863 1001 1084 1106 1188
1464 27 34 99 100 133 138 139 142 144 145 149 217 224 308 321 327 372 373 377 486 524 752 766 784 811 841 844 897 1050 1052 1070 1114 1177 1187 1202 1269
1465 45 47 68 132 136 144 160 162 166 169 177 179 195 242 244 247 250 271 273 277 366 379 425 489 490 493 529 574 583 636 751 874 917 980 1190 1449
1466 4 14 29 43 98 118 122 132 133 136 139 143 149 212 233 235 252 265 286 364 523 593 663 749 753 1045 1305 1417 1495 1519
1467 29 55 67 133 135 138 139 144 146 153 167 195 196 207 252 266 268 276 277 278 279 292 317 365 379 417 558 565 635 636 639 874 1157
1468 46 98 104 174 198 212 218 233 470 473 610 724 729 768 855 889 909 1176 1234 1401 1441 1454 1499 1508
1469 29 43 45 83 101 114 118 133 136 144 162 170 172 179 183 195 241 242 243 245 248 255 266 277 286 492 494 516 567 663 701 719 1180 1407 1442 1449
1470 19 22 29 36 46 54 100 103 217 219 233 372 384 465 473 492 523 550 554 577 578 579 581 582 583 585 592 597 609 627 1040 1041 1044 1050 1408 1421
1471 50 79 223 227 349 466 896 905 1020 1410 1428 1456
1472 24 42 49 62 64 66 80 89 212 383 462 500 511 517 522 527 687 724 775 1115 1129 1248
1473 5 12 42 50 52 59 61 76 79 98 137 142 219 223 299 306 319 321 372 374 380 391 410 486 571 589 644 714 715 805 972 1081 1114 1133 1177 1350
1474 49 82 108 286 336 339 340 390 407 409 593 724 731 914 1071 1250 1327
1475 5 100 174 177 263 303 361 365 366 379 410 423 533 538 571 607 635 715 804 1033 1196 1201
1476 4 29 133 136 137 139 144 166 169 181 217 256 379 423 424 429 486 550 790 1358
1477 92 104 287 323 339 453 466 473 498 523 609 650 694 695 697 724 768 779 890 920 939 1010 1038 1039 1251 1254 1366
1478 68 76 83 90 98 99 100 137 142 144 174 177 206 250 277 311 315 319 321 364 366 374 381 570 600 664 715 756 795 918 967 995 1017 1163 1237 1246 1260
1479 14 16 45 98 110 115 118 124 128 131 145 172 260 328 348 379 486 584 717 791 956 987 988 989 1148 1269 1485
1480 4 29 45 59 115 118 132 133 135 136 138 140 144 149 162 166 174 177 179 186 241 252 262 425 490 491 494 516 899 936 937 1122 1180 1190 1191 1229
1481 45 75 83 139 144 192 195 266 277 278 310 371 376 448 500 563 564 568 630 649 808 1081 1167 1347
1482 68 159 195 258 263 268 285 537 874 1063 1276 1491
1483 4 14 29 47 118 132 135 136 137 140 141 142 143 144 148 150 151 154 160 162 164 165 166 167 173 174 179 206 247 248 252 257 277 298 301 313 379 490 576 809
1484 12 18 42 79 338 390 534 600 1175 1177 1370 1411
1485 11 12 17 18 19 104 196 283 291 336 384 397 505 508 598 602 656 932 1329 1526
1486 195 209 258 270 275 276 529 874 884 923 1119 1136 1156 1184 1275 1315 1321 1324 1348 1481
1487 58 323 383 401 499 514 519 652 672 693 694 697 698 724 775 779 865 931 1129 1170 1265 1309 1337 1419
1488 19 24 42 55 73 74 88 89 99 102 108 211 214 222 233 306 465 470 472 473 475 581 583 592 626 627 763 1125 1236 1330 1484 1509
1489 2 4 12 19 24 28 29 55 56 68 73 83 85 97 100 117 142 165 174 215 219 239 247 258 305 306 311 313 365 379 607 767 806 933 1177 1201 1297
1490 222 247 371 563 566 569 640 642 880 1498
1491 1 12 13 28 42 75 83 92 98 103 219 408 465 473 523 527 575 589 666 852 1078 1177 1286 1512
1492 18 52 135 137 172 195 275 278 285 310 339 648 729 764 791 879 884 1128 1150 1261
1493 14 29 104 132 133 136 139 144 149 160 166 169 174 177 179 192 195 247 250 252 260 266 277 296 366 370 379 381 423 429 935 1054 1165 1167 1181 1243 1450
1494 55 68 100 266 282 290 413 583 640 681 683 1107 1192 1235 1252 1308 1414
1495 46 49 73 93 98 283 311 338 377 524 550 929 995 1248 1251 1505
1496 12 42 68 69 90 99 100 133 135 144 174 176 177 224 231 252 256 266 277 365 484 562 568 633 639 642 644 699 701 702 1021 1074 1090 1134 1347 1354
1497 42 49 55 68 72 83 90 98 100 132 174 188 231 309 334 358 368 389 486 568 602 607 639 663 664 845 880 1201 1384 1399 1403 1489
1498 12 29 61 63 132 133 139 162 172 176 177 179 210 243 251 255 263 277 293 311 361 529 568 662 664 666 806 1166 1180 1237
1499 5 14 29 42 46 83 90 92 96 97 98 99 104 158 218 223 225 228 239 241 255 334 368 462 570 579 589 598 706 721 795 1044 1201 1432 1483 1512
1500 14 29 54 61 83 85 100 142 144 165 170 176 177 195 218 230 250 277 280 309 311 313 364 368 372 376 389 391 543 566 570 573 607 649 715 1166 1185 1190
1501 29 47 132 133 136 146 169 172 174 179 230 231 244 247 250 252 260 277 304 313 317 319 365 372 379 558 664 740 746 748 749 791 808 897 1443 1471
1502 1 12 24 42 55 80 107 108 112 158 187 217 236 299 372 373 377 380 524 593 607 706 760 790 847 922 926 995 1052 1168 1187
1503 8 28 42 226 335 337 380 621 794 902 909 912 914 1045 1049 1050 1249 1290 1332 1511
1504 4 14 29 98 132 133 135 142 164 174 177 181 224 229 252 277 298 299 303 308 319 321 372 373 374 380 480 538 662 715 847 897 1050 1177 1200 1216 1521
1505 2 5 11 12 23 25 28 42 76 83 92 99 218 225 286 386 404 540 594 600 711 712 714 721 831 972 1066 1071 1250
1506 5 12 29 68 98 99 132 133 149 165 170 188 201 249 253 286 311 338 364 372 384 484 586 701 706 727 1012 1350 1505
1507 14 29 132 133 136 139 165 166 170 174 177 179 195 196 254 297 298 316 317 364 365 370 494 534 565 743 1054 1247
1508 124 126 128 170 172 300 320 377 701 791 980 1225 1328 1379
1509 42 49 54 68 79 97 98 99 104 218 222 223 228 306 323 338 349 571 589 625 658 763 767 769 840 919 925 1246 1436 1478 1525 1527
1510 40 49 66 98 188 334 384 393 399 453 498 500 501 514 523 603 654 674 698 724 725 929 1001 1002 1084 1115 1120 1179 1268 1309 1367 1392 1420
1511 49 98 111 404 725 1143
1512 29 45 128 132 133 139 142 146 149 151 171 174 179 196 260 278 298 316 318 573 598 692 752 791 980 991 1491
1513 1 24 42 46 48 92 334 342 343 358 525 593 612 870 1101 1102 1142 1500
1514 72 94 98 210 228 266 323 404 466 607 628 692 702 816 903 1018 1110 1304 1352 1359 1371 1479 1498 1499
1515 98 323 334 341 400 404 470 697 698 723 724 725 728 732 993 999 1000 1115 1129 1140 1145 1220 1265 1309 1349 1356 1387 1392 1419 1439 1457
1516 29 58 67 69 92 101 135 154 183 192 260 266 268 276 278 291 292 384 397 401 504 516 529 535 666 685 701 719 805 858 874 877 1001 1012 1118 1156 1349 1438
1517 22 29 118 137 140 143 160 164 167 262 488 491 534 542 666 854 1120 1235 1278 1325 1409 1423
1518 12 83 89 96 214 215 218 222 230 231 338 527 536 571 589 700 724 759 770 773 836 846 925 969 1064 1067 1074 1123 1173 1300 1394 1514
1519 5 12 23 29 56 108 149 205 531 594 712 713 714 718 720 963 964 965 1201 1227
1520 42 50 83 93 98 104 223 228 306 322 332 345 364 383 384 390 399 402 462 464 473 498 499 540 571 613 619 663 666 697 710 726 728 861 916 923 941 1356 1401
1521 12 18 28 29 42 51 54 76 79 82 85 90 98 211 220 227 306 334 346 390 393 464 470 540 600 601 621 658 699 700 768 819 889 909 1375 1507
1522 19 49 98 326 341 392 402 404 523 535 663 727 733 753 797 939 1001 1039 1317 1386 1393 1421 1501
1523 208 214 459 542 761 816
1524 74 82 133 222 334 464 539 550 583 588 626 652 768 889 969 1001 1177 1283 1395 1414 1454
1525 12 49 50 58 75 88 97 98 101 104 228 345 384 403 459 462 463 467 473 500 528 540 609 615 697 724 846 1003 1012 1266 1348 1512 1518
1526 4 18 29 34 54 55 132 133 139 146 158 217 230 299 305 321 381 389 486 495 524 593 627 662 699 703 705 731 897 968 1050 1391
1527 4 14 29 118 133 135 136 137 138 139 140 143 144 145 149 153 154 160 161 167 170 174 194 195 196 242 252 254 259 304 311 313 319 364 488 593 1227 1263
1528 29 34 139 142 144 146 149 224 229 325 334 486 710 734 844 869 897 915 979 1076 1087 1089 1171 1177 1269 1384 1522
1529 347 965 997
1530 19 88 94 114 210 226 320 466 731 1048 1049 1224 1279 1312 1316
1531 332 1147
1532 0 4 14 29 34 43 47 132 133 138 139 144 145 146 158 168 169 181 252 265 306 308 311 379 489 534 662 737 764 1390 1409 1506
1533 6 38 108 212 407 610 761 828 835 1071 1475 1476
1534 1 5 12 14 19 28 55 62 83 100 104 108 219 225 307 571 767 1102 1107 1327 1458
1535 29 34 45 99 123 133 135 138 139 140 144 145 150 154 159 164 165 180 183 247 250 252 261 294 319 321 372 373 378 379 572 701 935 938 1388 1449
1536 4 29 45 47 118 131 132 133 135 136 137 139 143 146 152 157 172 179 181 245 252 296 298 300 304 311 317 379 489 494 558 561 717 749 935 938 956 1050 1377 1485
1537 12 55 61 68 83 86 94 96 99 103 106 195 225 239 291 391 532 589 620 621 769 925 1046 1123 1184 1210 1266 1323 1329 1350 1411
1538 1 3 8 12 24 42 54 55 56 61 65 68 104 212 233 465 470 478 524 532 547 581 582 592 593 653 707 731 780 825 852 1049 1099 1363
1539 19 42 46 86 96 97 104 212 221 228 233 287 346 351 390 466 569 700 729 905 909 1047 1049 1069 1249 1279 1294 1331
1540 4 7 25 29 45 100 132 133 136 139 144 189 192 202 217 311 315 317 319 435 440 459 567 590 644 856 958 965 1050 1235 1389 1521
1541 7 46 82 98 337 344 622 910 915 993 995 1019 1044 1373 1428 1458 1475 1479
1542 75 97 101 198 384 397 431 442 452 453 455 502 509 518 522 537 540 594 607 609 629 694 697 916 1003 1343 1344 1368 1401
1543 16 29 68 99 118 131 132 133 136 138 139 162 168 172 173 247 248 253 258 268 273 284 310 361 366 370 446 493 494 787 791 805 1111 1169
1544 4 14 29 34 47 98 132 165 250 304 314 327 364 372 379 390 525 586 764 772 938 979 1042 1129 1259 1277 1305 1372 1517
1545 48 62 75 86 103 287 291 310 408 595 607 608 615 1060 1079 1110
1546 5 45 46 83 128 212 224 319 337 355 410 538 602 615 655 711 712 715 720 721 917 1071 1111 1189 1273
1547 4 45 83 86 218 225 257 266 320 372 373 391 410 413 417 437 446 502 518 561 571 602 640 714 715 720 766 956 962 970 1123 1201 1408 1416 1486 1521
1548 4 12 14 29 51 98 100 132 133 136 139 142 144 174 175 181 250 252 297 299 303 317 321 334 361 364 481 523 538 561 662 703 736 897 1201 1226
1549 85 252 376 413 417 430 432 433 440 445 567 630 632 634 635 638 645 676 804 807 873 881 983 985 986 1080 1082 1083 1466
1550 12 61 286 306 699 1507 1528
1551 80 90 95 98 99 176 223 224 440 443 631 633 637 742 781 948 1027 1059 1074 1083 1134 1137 1249 1440 1467
1552 7 8 9 12 13 14 19 36 42 61 76 82 83 96 99 100 108 211 223 286 306 390 391 469 532 707 919 1036 1044 1046 1072 1202 1273 1373 1458
1553 2 24 28 42 98 103 107 212 334 335 337 343 346 352 357 405 593 792 942 995 1332 1375 1495 1522
1554 101 132 135 144 195 252 260 273 276 277 278 292 321 370 372 373 498 505 791 932 950 1318 1435
1555 92 98 198 276 386 393 401 402 464 484 498 516 523 541 658 768 858 863 916 1001 1116 1147 1228 1254 1256 1257 1297
1556 42 48 212 236 358 412 414 593 1049 1062 1172 1469 1496
1557 5 12 19 42 52 68 305 338 377 493 593 703 811 819 847 959 1186 1389 1408 1444 1509 1515 1521
1558 12 14 29 99 100 118 132 133 136 139 144 146 153 169 170 172 173 174 181 195 199 247 250 252 254 260 266 299 304 316 364 372 558 565 749 897 1244 1328 1396 1517
1559 42 45 49 66 283 388 436 453 462 498 499 515 519 603 612 615 672 674 694 697 797 916 1084 1131 1265 1322 1387 1418
1560 42 779 906 914 939 996 997 1291
1561 4 12 23 29 133 135 149 157 160 170 179 193 195 196 207 224 247 250 260 277 298 305 365 381 629 1328 1378 1396 1416
1562 124 269 271 274 275 278 279 287 288 291 339 441 567 594 609 783 791 873 882 916 920 992 1102 1138 1148 1150 1157 1207 1292 1513
1563 5 19 35 42 55 75 103 153 195 277 293 345 410 413 432 453 462 463 464 473 498 502 587 594 598 629 697 714 720 778 916 1458
1564 16 45 98 131 286 328 343 734
1565 14 29 45 47 132 133 136 137 139 144 146 149 165 170 171 174 177 179 196 218 241 245 252 301 305 359 376 378 379 489 558 738 923 1253 1442
1566 42 82 102 172 217 232 236 300 336 338 353 380 626 661 697 796 859 956 973 1224 1289 1319 1382 1484
1567 4 28 29 45 46 76 99 132 133 139 144 172 174 195 225 233 236 244 321 380 410 486 488 558 561 589 621 699 720 791 897 1064 1128 1173 1294 1412 1440
1568 14 28 29 132 133 135 136 137 146 153 154 161 172 174 179 196 247 252 277 360 365 366 378 379 425 480 488 524 559 598 744 809 933 963 1308 1390
1569 29 42 83 100 132 133 146 149 160 165 166 169 174 252 266 297 315 317 361 365 427 459 559 561 564 736 746 757 938 1201 1521
1570 34 101 132 133 135 136 137 142 144 146 174 210 218 247 252 276 277 296 301 305 313 361 381 386 423 429 529 534 570 664 806 865 1053 1201 1416
1571 104 252 350 374 594 712 714 1148 1149 1379 1412 1509
1572 14 29 45 47 69 132 133 135 144 157 160 170 177 179 186 206 210 241 242 245 247 257 268 277 296 307 311 313 494 529 566 632 809 880 933 1180 1361 1438
1573 5 42 75 78 82 92 99 101 104 114 158 210 218 226 345 484 528 540 719 800 869 916 919 949 1001 1085 1104 1293 1371
1574 4 29 153 160 169 207 296 311
1575 55 72 85 309 337 346 357 417 449 502 571 583 590 595 632 649 683 802 805 1105 1134 1206
1576 0 8 19 65 71 101 207 266 282 476 547 550 666 719 805 858 1113 1154 1155 1276
1577 29 101 133 135 144 159 160 174 177 181 194 195 252 267 305 317 321 364 370 381 423 427 429 529 559 570 636 735 806 811 935 961 963 1024 1201 1247 1396
1578 19 41 238 299 579 583 760 1326
1579 12 19 40 42 53 55 61 68 75 83 84 92 93 104 107 145 195 225 260 306 346 386 391 523 532 571 589 593 662 699 769 773 1077 1123 1285 1506
1580 208 408 536 617 652 688 1251 1257 1312
1581 14 118 133 134 135 136 139 143 144 146 149 159 160 164 166 174 177 179 252 265 277 278 297 301 305 317 364 370 376 379 427 490 561 744 963 966 1014 1050 1122 1244
1582 12 36 71 92 98 146 188 324 326 404 473 523 540 661 705 727 1052 1085 1143 1356 1494
1583 104 108 117 146 174 191 302 308 365 403 431 442 515 518 674 675 685 722 909 1050 1161 1216 1273 1318 1349
1584 5 8 46 49 52 58 68 92 97 98 99 104 218 239 277 306 323 334 345 382 383 384 389 462 464 473 503 540 589 603 609 724 733 797 883 1002 1129
1585 83 98 100 112 120 133 142 165 174 176 183 188 206 218 230 256 277 306 311 368 371 486 563 569 571 599 600 642 660 701 845 1182 1269 1300 1301 1354 1399 1489
1586 2 6 8 11 12 16 17 25 46 49 55 56 68 76 83 86 93 97 99 100 104 107 218 219 337 350 386 390 460 532 700 771 831 868 972
1587 29 118 132 133 136 138 144 159 177 193 256 364 374 376 560 565 566 658 742 759 899 979 1073 1153 1459 1464 1468 1509
1588 42 50 55 68 75 79 92 97 98 104 233 282 291 306 345 390 402 462 463 473 498 517 540 567 588 611 666 724 763 768 866 1213 1366 1436
1589 29 132 133 137 139 143 144 149 160 166 174 179 244 247 250 252 266 277 296 301 317 361 365 366 370 379 381 423 429 534 566 568 735 747 897 935 1054 1122 1365
1590 12 61 81 90 93 211 226 338 715 796 1045 1047 1070 1152 1210 1428
1591 4 14 34 80 98 125 133 144 145 172 218 219 229 236 264 336 353 372 465 484 541 543 589 600 715 844 897 956 1089 1218 1269 1388 1473 1522
1592 4 14 109 110 118 129 131 132 133 135 136 137 138 139 143 145 148 151 153 157 160 161 177 298 307 379 482 483 494 573 751 784 897 899 987 1032
1593 49 58 88 98 323 324 330 334 341 399 401 404 470 473 523 693 697 724 727 797 860 1114 1115 1140 1142 1265 1266 1268 1387 1392 1393 1429 1446 1457 1503
1594 3 24 101 114 142 171 231 260 320 534 660 738 743 791 988 990 1148 1150 1186 1223 1363 1382 1492
1595 55 104 272 274 279 284 634 648 703 756 884 1137 1238 1352 1506
1596 29 34 42 43 68 100 118 122 131 132 133 140 143 144 145 146 149 153 181 195 201 212 244 247 251 252 254 260 265 321 370 372 373 488 593 710 715 956 1050 1381
1597 29 83 85 96 99 100 101 165 219 258 277 299 306 309 319 538 566 589 600 621 639 699 700 715 984 1075 1134 1253 1294 1334 1440 1487
1598 42 49 55 61 68 69 76 96 97 98 100 195 212 223 233 258 266 268 380 383 384 391 393 466 529 540 607 699 700 701 726 771 874 883 925 1046 1073 1209 1246 1520
1599 2 8 10 12 13 19 20 25 42 49 55 68 98 99 107 195 212 299 323 505 524 550 578 581 598 610 620 711 724 764 825 850 893 1273
1600 4 29 109 115 118 121 131 132 133 134 136 138 139 143 144 149 157 159 169 179 190 252 254 265 304 318 561 743 961 962 1379
1601 19 56 68 108 142 179 305 531 703 716 718 825 1328 1329 1416
1602 337 868 870 913 1093 1094 1095 1100 1355 1488 1497 1526
1603 12 90 92 100 171 188 210 313 346 353 368 599 607 664 699 701 702 800 880 1021 1027 1085 1210 1231 1259 1262 1279 1350 1359 1370 1431 1490
1604 167 177 181 182 186 251 364 366 370 423 424 426 428 753 937
1605 55 68 83 98 99 195 206 210 231 263 266 272 274 277 306 309 310 313 385 389 566 607 636 644 664 699 701 808 845 880 884 953 1001 1201 1241 1298 1470
1606 42 49 68 80 82 85 88 94 98 102 105 107 172 198 212 228 322 346 383 402 465 486 590 726 909 910 1049 1511
1607 24 29 53 55 86 90 98 107 172 212 223 235 266 300 306 320 353 405 410 484 592 625 829 835 939 1067 1173 1175 1249 1475 1479 1495 1519
1608 42 72 358 412 729 781 1022 1064 1172 1287 1360 1465 1496 1515
1609 4 12 29 61 69 132 133 134 135 136 138 139 142 143 144 146 147 149 154 157 163 168 169 171 174 176 179 195 242 247 254 258 262 311 490 741 751 756 1156 1468
1610 101 198 207 210 263 268 280 285 292 309 385 464 498 503 505 506 537 564 567 652 674 692 694 697 719 768 802 805 874 884 916 1000 1003 1025 1203 1353
1611 29 133 149 171 179 183 252 379 482 489 494 740 947 1260 1456
1612 14 47 118 121 130 132 133 137 139 142 144 145 173 174 196 315 316 361 379 424 486 494 791 900 963 1165 1180 1191
1613 4 12 14 29 132 136 144 145 146 164 173 177 179 181 199 247 250 301 305 316 317 321 364 366 370 377 593 662 745 748 753 809 897 1051 1169 1190 1417
1614 12 19 42 46 68 83 86 96 97 98 218 306 323 345 368 391 467 532 540 611 621 664 666 694 697 768 769 967 1002 1069 1117 1152 1253 1394 1506
1615 12 42 72 76 89 95 98 122 125 132 158 223 231 346 389 390 485 486 540 588 627 707 772 897 910 1044 1087 1285 1375 1456
1616 19 50 92 114 120 188 216 223 224 285 368 390 486 594 607 711 752 836 1078 1282 1433 1473
1617 11 14 45 61 62 194 195 202 219 319 372 589 593 790 811 847 922 956 1050 1319
1618 0 12 19 21 43 55 59 65 68 71 79 93 100 149 391 403 476 545 550 699 753 940 1034 1219 1468
1619 45 47 101 115 118 136 145 162 167 168 170 241 245 254 263 264 561 576 738 1180 1182 1224
1620 4 29 45 47 98 104 118 132 133 135 139 142 143 144 146 149 165 168 169 170 176 177 244 247 254 299 301 304 317 318 364 374 383 486 565 663 666 749 1001 1244
1621 4 14 29 47 118 132 133 135 136 139 142 143 144 146 164 165 169 174 177 181 244 250 252 260 277 304 305 308 317 364 370 381 486 534 589 662 740 938 961 1042
1622 198 394 464 768 773 801 865 1339 1343 1353 1401 1454
1623 61 68 98 100 144 146 158 174 192 195 196 201 250 277 278 280 286 291 364 530 568 607 699 842 872 1092 1182 1347 1467 1470 1490 1505
1624 29 42 68 98 158 212 218 323 336 404 512 658 659 714 715 724 726 727 773 797 967 1034 1124 1140 1145 1187 1210 1297 1356 1385 1493
1625 29 75 132 177 184 196 210 252 268 276 277 279 282 304 371 393 432 440 448 464 537 635 636 638 652 751 801 802 805 1013 1026 1206 1224 1228 1230 1256 1401
1626 19 29 34 51 55 99 100 103 132 133 219 231 239 252 266 277 282 283 292 298 312 334 486 592 627 662 679 715 925 1195 1200 1201 1203 1308 1433
1627 580 628 655 668 669 1193 1326
1628 4 14 29 47 100 118 131 132 134 135 136 139 142 143 144 146 153 154 160 161 162 166 169 174 179 241 252 311 313 317 363 379 490 699 720 785 956 1050 1122 1180
1629 14 85 132 133 136 137 139 142 144 146 149 158 160 161 174 177 194 195 217 224 244 247 252 277 301 305 315 364 367 370 459 486 490 559 570 790 811 938 1050 1053
1630 12 34 42 55 61 68 73 75 92 93 99 104 158 174 218 228 231 311 345 383 486 506 567 571 699 731 767 768 782 844 845 897 1001 1052 1183 1187 1269 1300
1631 42 55 68 75 83 90 96 97 98 99 100 213 218 221 222 223 228 231 306 349 384 386 389 484 498 588 658 724 731 768 909 1201 1289 1376 1525 1527
1632 2 12 42 49 55 61 68 73 79 82 83 92 94 98 99 100 104 188 217 219 223 229 231 336 372 386 410 465 484 486 589 592 593 710 715 956 1177 1319 1453 1525
1633 27 47 63 132 133 136 139 143 151 154 161 169 179 224 254 298 301 316 379 489 539 561 743 757 787 948 1422
1634 132 139 153 162 166 174 177 251 365 366 370 375 425 427 490 572 574 576 747 809 1122
1635 14 19 28 29 41 47 68 100 103 108 136 233 238 312 380 473 478 553 578 581 583 820 825 849 850 869 895 1175 1177 1289 1326
1636 28 42 75 83 90 160 183 213 218 239 328 353 371 393 542 562 633 649 709 710 888 916 920 1076 1204 1302 1484
1637 4 7 12 14 24 28 29 51 54 90 98 100 131 132 142 153 158 353 377 482 485 524 593 699 731 772 868 956 995 1177 1180 1187 1202 1259 1263 1371
1638 98 111 323 396 399 498 501 522 598 684 689 698 724 733 863 999 1000 1002 1004 1012 1034 1132 1146 1265 1309 1337 1356 1501
1639 12 14 98 122 133 175 286 296 482 492 524 542 819 943 948 1017 1183 1185 1263 1486
1640 20 282 289 295 667 680 682 946 1118 1208
1641 5 42 55 75 98 195 267 268 287 297 384 419 446 459 489 498 512 537 567 628 646 652 693 768 805 932 976 999 1003 1119 1198 1335
1642 12 14 42 55 79 93 96 100 133 139 142 144 212 218 224 235 238 286 319 364 372 379 465 481 524 588 593 658 699 731 864 995 1177 1202 1215 1305 1397 1484 1514
1643 5 22 26 33 40 98 99 138 170 199 262 334 335 383 384 396 474 523 550 553 555 584 696 697 724 753 999 1042 1063 1115 1139 1265 1320
1644 29 85 88 104 132 133 142 144 165 167 177 199 229 241 252 260 313 364 374 392 402 404 473 512 523 661 662 726 728 848 949 979 993 1122 1179 1407 1442
1645 889
1646 42 77 83 88 98 226 466 1039
1647 4 7 12 14 29 51 122 131 132 133 140 142 160 169 181 303 305 308 363 364 480 488 495 570 753 936 1050 1180 1271 1272 1276 1278 1388
1648 132 133 135 136 143 146 166 174 177 247 252 301 361 364 365 366 370 375 423 425 427 429 490 735 744 750 809 897 1122 1247 1253 1396
1649 29 43 47 50 98 149 292 298 307 322 359 379 498 505 663 726 737 947 1000 1422
1650 0 29 90 97 198 208 223 232 410 414 644 654 655 710 714 715 760 908 910 1016 1064 1286 1350 1449
1651 114
1652 8 73 82 86 90 100 222 227 234 355 391 410 571 621 714 715 762 919 922 924 1066 1077 1237 1372 1432 1436
1653 4 28 45 104 133 136 140 143 160 166 181 196 207 241 260 296 297 317 361 379 424 459 488 494 567 936 961 963 1180 1365
1654 76 90 101 103 198 284 432 540 658 876 1059 1231 1234 1279 1351 1401 1453 1465 1498
1655 58 75 98 279 396 401 455 457 459 498 499 501 502 504 509 522 686 687 693 694 697 698 778 858 927 998 1000 1012 1115 1132 1265 1418
1656 73 78 223 233 377 466 563 569 590 890 1085
1657 383 396 453 455 498 501 508 509 513 514 515 521 522 603 670 685 690 693 694 697 698 724 775 776 999 1265 1267 1344
1658 74 76 287 453 460 650 652 673 939 1037 1149 1232 1234
1659 65 83 219 222 224 260 319 386 390 391 410 459 640 697 919 1124 1266 1324 1509
1660 29 117 132 133 135 136 139 144 147 156 166 177 181 244 247 252 277 296 298 316 317 366 368 427 429 490 558 559 561 735 747 750 897 935 938 1396
1661 48 116 322 330 400 403 733 754 835 993 1356 1503
1662 55 103 104 267 269 276 287 291 339 459 580 594 782 826 916 950 1292 1470
1663 0 12 14 29 68 70 98 103 104 195 270 275 287 313 459 462 540 598 664 725 854 1030 1041 1055 1056 1219 1220 1502
1664 101 198 432 768 801 1103 1401
1665 45 198 345 383 399 501 523 529 535 598 666 693 697 698 732 733 797 1002 1140 1437
1666 14 19 45 54 55 97 118 131 132 133 139 143 328 334 335 422 459 494 598 611 719 734 757 867 980 1222
1667 80 118 132 133 135 136 137 139 145 153 154 160 163 172 174 241 251 260 296 298 300 316 368 486 489 494 785 791 980 1032 1269 1270
1668 85 99 101 162 174 177 244 247 263 264 277 365 366 371 374 376 566 574 636 642 647 664 665 814 1133 1138 1196 1361
1669 14 29 118 132 133 135 136 139 149 153 158 159 161 167 168 170 172 174 179 195 196 207 241 254 255 277 311 316 489 494 529 540 664 665 713 741
1670 124 405 407 828 834 902 906 911 914 992 1094 1102 1224 1291 1355 1475 1476
1671 12 24 42 55 72 76 90 94 96 174 185 217 223 238 239 346 377 383 484 702 709 874 883 922 926 932 1210 1297 1319
1672 12 48 49 212 225 256 266 269 282 291 306 373 383 417 486 640 645 664 710 729 765 869 925 972 1001 1022 1249 1306
1673 42 49 68 75 97 98 101 103 108 114 232 237 334 345 384 462 607 608 615 636 692 724 725 793 852 916 917 1084 1205 1322 1430
1674 4 14 47 59 85 104 132 136 144 158 174 176 177 188 196 250 252 258 260 277 316 381 389 423 429 486 505 606 664 701 742 842 845 897 935 1156 1243 1396
1675 0 14 18 19 20 45 59 65 71 98 116 133 145 149 153 158 241 259 286 311 481 494 516 550 554 611 741 943 1058 1180 1185 1305
1676 123
1677 46 174 334 349 404 410 465 474 523 541 542 579 653 763 797 889 1214 1215 1316 1476 1478 1524 1528
1678 2 17 38 212 240 352 407 408 706 816 822 828 1017 1291 1355 1475 1476 1519
1679 42 49 66 75 76 204 345 384 500 511 523 527 609 687 754 929 1057 1322
1680 79 94 96 98 104 195 269 306 326 332 383 386 390 402 407 466 542 594 692 719 904 1067 1171 1282
1681 49 88 98 322 323 334 341 356 400 404 470 473 597 697 698 724 727 728 732 993 1115 1129 1140 1268 1309 1349 1356 1387 1392 1439 1457
1682 75 104 128 174 260 269 276 291 666 1012 1275 1513
1683 24 269 405 1093 1095 1099 1127 1363 1500
1684 12 27 61 98 100 101 135 138 174 237 263 306 313 399 504 571 590 661 702 812 993 1069 1077 1111 1259 1270 1343 1409 1453
1685 14 29 34 63 118 132 133 135 137 138 139 144 146 152 153 159 170 171 172 174 179 185 247 254 260 296 300 482 486 561 751 897 956
1686 4 12 14 118 131 132 136 137 139 143 144 145 146 149 153 157 159 161 170 172 173 179 254 277 298 311 319 379 486 490 494 715 960 961 1050 1180 1201 1381
1687 42 55 76 86 90 95 235 352 358 408 413 417 430 437 443 527 531 536 595 644 711 714 716 781 1062 1138 1281 1350 1408 1466
1688 128 149 171 172 210 252 260 287 300 320 345 384 455 463 489 499 540 697 717 724 748 791 805 883 916 980 1002 1184 1224 1304 1340 1468
1689 12 14 18 122 133 135 136 141 144 146 153 160 177 185 196 252 292 315 317 364 370 377 379 381 423 429 490 491 520 534 735 1014
1690 24 29 42 55 68 82 103 132 133 136 139 142 145 146 149 196 219 228 270 275 278 299 310 311 315 377 379 380 410 455 486 524 593 618 699 956 995 1050 1187 1397
1691 0 7 8 14 19 46 79 98 223 233 334 461 468 474 475 541 542 545 547 553 587 859 1152 1202 1213 1214 1423 1523
1692 132 133 135 144 193 194 196 278 364 875 963 966 1227
1693 4 29 34 45 115 131 132 133 136 139 143 145 153 164 181 303 308 311 321 373 379 486 488 534 593 663 753 766 784 871 897 963 1050 1202 1216 1358
1694 42 80 81 183 342 351 353 390 403 465 619 832 993 995 1262 1263
1695 0 14 28 61 73 79 100 334 344 346 349 386 404 523 525 626 653 1017 1018 1044 1210 1283 1333
1696 12 14 29 46 62 68 85 92 93 101 104 130 133 144 158 174 195 216 228 266 309 311 313 315 564 568 635 805 808 953 1164 1201 1235 1453 1465 1487
1697 32 42 354 622 723 850 871 1094 1096 1099 1214
1698 4 12 29 36 43 45 63 65 80 92 98 116 120 132 136 145 146 149 153 158 169 179 188 286 364 368 379 389 428 523 666 757 937 1001 1111 1180 1185 1190 1301
1699 4 14 29 54 55 85 92 98 118 133 139 144 146 149 158 166 174 195 196 239 247 253 266 277 278 308 459 525 568 788 884 1001 1003 1180 1201 1203 1297 1465
1700 7 14 17 29 55 90 100 142 217 219 321 346 372 377 380 583 592 662 703 706 710 790 795 897 915 926 995 1050 1067 1273 1388 1389 1416 1459 1521 1524
1701 12 83 97 98 100 142 214 218 222 231 234 312 346 349 380 470 715 765 769 773 840 970 1177 1201 1300 1394 1525
1702 75 128 799 980 990 991 992 1491
1703 49 74 98 101 105 114 286 323 356 390 403 535 658 797 1086 1142 1144 1147 1367 1499
1704 4 7 23 25 142 157 181 265 299 303 308 374 410 621 871 912 1281 1370 1483
1705 132 133 134 136 139 152 159 167 168 244 247 251 277 420 425 558 559 561 899 1169 1201 1381 1396 1468
1706 12 17 79 85 96 97 104 105 132 174 210 260 309 322 390 393 540 636 704 1245 1333 1351
1707 83 84 96 99 100 213 218 233 234 391 486 532 571 715 769 773 925 994 1069 1077 1123 1306 1313 1411 1432 1436 1453 1514
1708 5 17 45 46 66 85 99 101 144 174 196 256 266 277 286 309 311 313 364 368 523 560 563 566 570 571 660 662 693 715 812 979 1006 1074 1487
1709 132 192 252 260 268 276 277 279 309 317 360 361 365 366 370 432 556 629 636 648 719 747 748 750 809 874 884 1025 1082 1136 1155 1184
1710 17 42 46 55 68 73 82 83 89 90 96 208 349 355 410 466 484 591 663 709 715 995 1044 1064 1213 1350 1428 1436
1711 66 260 269 288 291 345 384 436 455 457 459 473 497 593 604 608 612 614 666 719 1019 1221 1360 1384 1455
1712 12 42 48 75 98 132 185 191 196 212 229 252 267 278 281 372 380 410 417 446 631 645 671 675 714 878 1022 1108 1127 1158 1343 1416
1713 85 174 246 266 277 374 411 413 417 438 440 534 593 635 781 879 880 881 985 1155
1714 2 3 11 50 54 108 299 465 583 586 653 718 868 922 1078 1186 1204 1211 1319 1362 1395 1410 1441
1715 4 11 12 14 19 76 108 115 143 175 211 327 541 627 662 715 813 867 922 1329 1333
1716 19 29 49 55 100 260 334 464 476 492 498 523 554 603 651 681 687 693 725 768 819 865 888 891 942 946 1002 1030 1044 1212 1217 1268 1308 1326 1338 1420
1717 202 958
1718 1 12 39 51 61 82 84 98 145 183 259 299 320 337 402 410 464 473 565 600 611 631 661 935 1124 1237 1463 1509
1719 5 49 188 334 339 345 357 393 797 995 1217 1221 1255
1720 193 194 875 959 963 964 1106 1227
1721 67 101 169 196 266 268 276 277 279 281 313 383 384 417 432 434 502 567 594 630 634 648 805 856 873 874 884 1012 1025 1155 1157 1158 1435 1462 1513
1722 42 83 98 112 120 158 218 228 277 306 385 389 525 527 660 836 837 839 840 845 1168 1203 1298 1300 1448 1512
1723 34 46 49 88 120 133 136 195 266 277 278 323 361 364 365 382 383 388 533 564 570 571 724 739 768 861 979 1220 1222 1399 1448
1724 76 86 90 100 218 226 227 346 355 400 523 589 795 805 848 967 1017 1020 1034 1354 1367 1373 1375 1442
1725 42 610 612 614 724 761 1444
1726 144 165 218 250 256 263 276 371 566 568 571 599 636 640 647 762 769 805 967 1463 1487
1727 5 7 8 14 19 21 29 306 335 550 554 579 611 662 825 859 885 1046 1215 1362
1728 207 231 384 387 396 417 450 498 499 502 518 519 526 616 673 722 775 846 916 999 1011 1292 1400
1729 4 7 12 17 118 122 129 132 135 138 139 140 144 145 201 327 398 505 507 520 593 606 703 784 811 844 869 946 948 1341 1414 1505
1730 11 17 19 28 68 86 96 97 99 104 108 268 277 299 345 380 384 391 407 432 434 466 532 590 594 598 607 608 615 628 658 700 701 715 932 1049 1186 1347
1731 29 69 99 101 144 146 162 193 250 257 266 277 361 371 423 534 560 664 739 741 806 809 1033 1181 1196 1197 1358 1397
1732 28 42 79 83 84 90 92 98 99 100 104 218 221 306 571 589 594 629 658 666 767 769 773 797 1171 1236 1246 1411 1436 1453
1733 8 24 42 50 68 76 90 93 96 103 196 206 219 224 228 233 277 291 349 361 364 365 380 484 534 579 588 608 652 731 932 1177 1195 1299 1353 1385 1478
1734 28 77 99 142 219 232 636 714 718 903 918 1088 1177 1210 1230 1283 1286 1299 1401 1498
1735 42 65 76 83 98 99 218 231 238 239 389 390 459 540 589 602 700 836 840 845 1114 1242 1266 1298 1391 1399 1428 1433 1478 1527
1736 12 83 101 118 128 132 134 136 139 142 144 146 155 159 161 168 169 171 172 195 252 254 260 265 271 301 453 561 618 791 956 989 1224 1225 1442
1737 12 42 76 86 90 98 100 211 219 227 236 336 340 356 484 590 796 908 1021 1182
1738 0 8 10 14 29 45 65 193 194 201 286 476 534 550 593 819 887 959 1053
1739 90 111 118 133 136 157 171 177 184 188 210 300 310 313 483 599 702 742 880 980 1027 1029 1088 1134 1185 1224 1231 1301 1359 1424 1493
1740 0 2 8 19 33 46 51 98 223 227 267 334 349 470 539 543 547 579 592 603 651 763 1017 1044 1129 1152 1202 1297 1454 1524
1741 4 29 85 132 133 136 139 144 146 149 162 166 174 177 244 250 252 257 277 299 317 361 366 372 375 381 486 565 568 570 574 662 736 757 814 1201
1742 29 118 132 133 144 145 146 150 159 164 168 177 181 247 277 320 366 370 379 420 495 561 576 751 787 789 791 897 1163 1224 1225 1510
1743 8 25 79 86 96 225 351 410 579 718 889 1066 1123 1215 1329 1410 1514
1744 14 29 118 133 134 135 138 139 140 142 144 146 164 177 179 181 199 201 210 247 252 305 364 365 366 370 425 483 489 523 610 751 753 813 819 1031
1745 8 12 19 46 76 96 100 214 218 219 223 334 344 410 470 474 589 604 614 710 918 924 968 973 1046
1746 4 7 14 29 45 109 118 121 131 132 133 134 136 139 144 145 146 149 153 157 163 252 298 335 365 407 593 741 898 933 936 1014 1381 1484
1747 12 42 50 68 92 93 100 101 104 158 188 192 196 210 218 258 268 306 309 368 391 432 529 540 571 699 701 719 756 797 805 874 880 1185 1304 1494
1748 58 75 92 97 104 195 345 383 384 387 396 404 459 462 463 498 517 609 666 693 694 697 698 724 846 883 999 1001 1068 1117 1130 1131
1749 90 95 113 124 172 260 300 320 348 748 791 798 904 1149 1224 1382
1750 220 499 927 1172 1374
1751 75 79 92 105 212 337 407 418 471 536 655 656 729 828 870 975 1041 1071 1093 1094 1476
1752 4 14 29 45 47 50 59 118 122 132 133 135 136 138 139 143 145 146 153 154 174 196 241 260 292 359 365 377 379 389 486 505 550 593 598 606 764 784 788 826
1753 14 28 45 75 98 103 104 194 204 210 218 310 384 498 542 610 614 652 664 666 690 719 761 946 959 965 1178 1227 1261 1444 1482
1754 28 42 343 582 627 655 902 904 914 1078 1095 1096
1755 49 73 74 237 343 464 473 602 724 767 1457 1486
1756 12 24 38 42 48 73 83 98 107 108 212 217 218 228 338 340 342 343 408 410 602 610 612 710 729 731 821 830 840 1319 1441
1757 58 92 104 286 383 396 401 453 455 462 498 499 500 516 666 694 695 697 724 858 862 999 1000 1001 1002 1115 1118 1162 1345 1349 1439
1758 4 7 14 29 34 45 70 118 119 132 133 142 145 149 153 161 174 175 199 247 260 296 298 307 321 372 377 381 486 541 586 593 703 752 785 1247
1759 10 12 68 80 98 102 158 177 188 195 277 322 336 345 349 368 383 402 483 526 710 766 790 833 844 1385 1507
1760 12 61 68 93 299 303 372 550 599 600 602 702 706 948 1077 1271 1285 1323 1478 1506 1507
1761 12 17 24 49 54 61 65 73 100 103 108 183 225 272 395 408 433 454 583 763 816 833 1038 1172 1363 1374 1461 1526
1762 4 14 54 118 122 131 132 133 139 144 149 157 169 212 219 228 298 299 304 305 307 318 320 421 561 593 600 743 760 791 922 926 1187 1379 1440 1456 1484 1510 1521
1763 66 144 189 204 279 282 288 310 437 440 441 446 455 499 500 503 505 506 518 522 537 630 685 777 932 950 958 1138 1155 1158
1764 40 49 98 197 277 341 383 396 453 455 498 499 502 504 506 509 513 519 522 693 695 697 724 727 805 998 1000 1002 1106 1109 1120 1129 1452 1482
1765 19 46 49 55 74 77 81 95 188 189 334 384 403 460 468 479 527 700 1000 1007 1068 1212 1261 1282 1293 1387 1420 1426 1442
1766 4 108 132 133 136 142 144 149 169 183 247 252 257 317 364 370 379 423 424 429 486 559 715 735 737 1247 1398
1767 16 857 946
1768 124 127 172 594 794 902 907 911 920 989 992 1071 1102 1382
1769 8 19 24 103 126 287 414 587 593 654 792 794 798 822 907 911 928 992 1049 1149 1233 1249 1382
1770 2 42 46 72 73 95 99 223 226 227 346 353 464 466 470 524 592 758 768 795 885 909 994 1015 1044 1048 1086 1187 1215 1256 1289 1299
1771 5 29 217 219 358 377 410 484 524 525 541 795 1074 1177 1249 1313 1352 1388 1524
1772 8 25 29 55 68 79 100 219 220 223 224 233 334 410 474 486 500 524 534 597 658 767 795 836 859 1195 1201 1218 1386 1388 1395 1460
1773 18 90 93 100 174 183 188 212 246 277 280 287 432 484 524 599 607 828 880 1074 1097 1100 1138 1189 1282
1774 108 171 196 300 326 393 716 717 738 791 792 988 1093 1150 1444 1492
1775 12 49 88 94 95 96 98 142 210 211 299 322 323 336 386 393 402 404 473 624 715 724 726 728 755 797 993 1140 1258 1350 1367 1386
1776 42 55 68 72 83 90 92 98 100 101 133 160 161 174 210 223 231 266 286 310 365 382 516 636 660 709 805 1134 1201 1229 1237 1279 1305 1359 1487 1490
1777 19 45 46 55 58 73 75 98 189 218 231 267 282 307 397 459 520 567 600 607 608 630 807 847 855 932 1011 1199 1306 1414 1444
1778 14 47 132 133 169 170 171 172 254 260 318 379 489 741 743 933 943 980 990 991 1043 1148 1468 1510
1779 50 75 268 274 306 345 383 384 387 396 419 440 453 455 462 502 505 508 515 519 537 567 598 609 666 686 776 782 866 974 1011 1012 1207 1470
1780 11 19 377 472 583 610 655 678 700 816 834 857 942 1071 1093 1100 1249 1280
1781 29 54 68 75 133 135 139 144 158 160 165 195 267 276 291 411 459 589 598 629 764 849 851 896 984 1314 1414 1480 1487
1782 24 74 337 593 723 821 1038
1783 11 337 405 416 834 869 870 913 975 1071 1094 1095
1784 42 98 104 105 210 260 345 384 453 462 463 499 609 612 650 658 721 729 776 779 1038 1401
1785 5 12 75 79 83 96 97 100 101 104 144 196 218 231 277 383 459 464 486 498 499 503 518 540 567 589 600 697 700 715 726 762 767 768 918 970 1125
1786 42 49 51 61 73 76 83 98 99 104 212 218 220 223 224 229 334 353 355 372 373 464 486 571 589 592 662 710 715 720 731 790 796 956 1087 1289 1388 1395 1453
1787 28 42 55 64 68 69 76 82 83 96 97 98 99 100 215 218 219 306 313 345 386 532 621 636 664 756 826 842 925 969 1069 1123 1240 1394 1430 1525
1788 80 83 86 90 92 99 100 188 226 317 319 340 390 586 766 772 784 844 868 883 908 979 1052 1087 1111 1177 1384
1789 12 42 61 68 79 83 84 92 93 98 100 108 142 218 225 306 338 358 525 532 571 573 589 602 726 767 769 770 844 1087 1175 1177 1373 1411
1790 0 8 14 19 33 37 46 71 223 228 233 286 334 335 388 461 474 475 544 545 548 550 551 553 587 666 753 871 886 941 1141 1152 1202 1212 1262 1336 1502
1791 40 49 56 66 75 82 281 384 431 432 442 444 498 509 510 608 656 714 721 724 758 928 978 1119 1293 1442 1508
1792 7 24 42 108 593 847 1071 1101 1319 1363 1526
1793 19 25 56 142 225 277 312 319 410 486 532 593 640 711 715 718 720 956 1201 1329 1372 1484 1509
1794 4 14 34 132 133 135 137 138 140 143 144 147 157 160 166 167 174 177 181 199 242 247 251 252 301 316 363 364 366 420 427 482 570 745 747 750 897 1361
1795 12 99 174 277 278 315 662 699 706 756 771 872 877 1182 1190 1347
1796 29 45 68 75 83 84 99 132 139 144 214 217 232 233 277 299 312 320 321 334 380 381 386 459 532 540 593 710 715 767 790 861 926 956 1116 1125
1797 4 118 132 133 134 135 136 138 139 140 143 144 146 149 153 164 166 167 169 174 177 181 199 244 247 296 301 321 360 364 365 370 495 558 744 745 935 1226 1247 1516
1798 69 133 135 144 147 174 247 266 277 292 384 397 534 701 742 756 805 874 953 1003 1119 1134 1155 1156 1164 1167 1253 1315 1321
1799 12 29 55 132 133 149 160 162 174 177 224 250 296 364 365 366 370 372 381 427 559 565 570 735 746 749 785 790 935
1800 12 19 42 55 61 76 82 93 96 99 100 103 107 108 212 219 228 286 391 532 550 589 620 699 1067 1211 1334 1372
1801 0 8 14 19 45 46 49 103 286 291 384 471 481 550 554 615 981 1002 1217
1802 4 47 99 133 136 137 149 154 247 250 252 257 277 301 321 365 374 559 562 566 756 972 1347 1489
1803 7 42 108 235 337 409 416 589 593 594 655 714 834 850 913 922 975 1094 1096 1098 1099 1100 1293 1363
1804 5 19 40 54 62 97 103 149 214 216 219 225 231 290 299 346 431 567 579 600 615 714 815 967 972 1046 1070 1483
1805 11 12 18 42 48 95 128 235 260 266 358 377 602 731 830 852 854 1071
1806 4 14 18 29 55 72 132 136 137 139 140 144 153 155 157 160 164 169 174 196 287 381 459 534 583 963 1050 1053 1194 1238 1244 1247 1396 1416 1484
1807 2 4 5 7 12 14 24 42 76 82 98 103 172 219 226 228 351 380 410 465 484 593 600 627 710 790 795 956 973 995 1015 1050 1087 1187 1211 1289 1524
1808 4 34 98 99 100 132 133 136 139 144 146 165 174 218 299 303 311 321 334 372 373 380 381 481 486 538 541 664 703 897 972 1050 1201 1396 1416 1516 1521
1809 14 29 42 55 68 90 96 99 100 142 144 211 215 218 222 231 233 266 306 372 464 571 589 662 707 715 731 765 795 836 840 932 995 1177 1246 1453
1810 33 344 392 402 470 661 829 859 912 1048 1290 1429
1811 1 28 98 334 335 343 836 1019 1177 1261 1320
1812 14 16 34 43 68 110 118 131 136 139 140 142 143 144 145 146 149 151 153 157 159 172 173 177 181 252 260 308 316 485 486 558 561 703 746 897 899 1175 1273 1396
1813 5 68 99 100 132 136 139 142 144 146 149 153 169 174 181 247 250 252 256 277 299 301 364 372 374 379 380 383 410 558 565 662 710 714 715 771 784 897 918 938
1814 14 42 53 61 63 99 108 145 153 158 277 311 345 377 390 485 494 532 593 594 699 707 711 1263 1285 1301 1327 1334 1505
1815 4 12 54 68 90 98 99 133 144 177 229 247 252 277 305 311 353 365 366 367 370 372 381 480 488 525 599 699 702 756 795 1163 1204 1247 1493 1507
1816 14 29 42 46 68 85 101 174 195 196 204 207 268 286 313 371 534 569 630 631 636 639 643 647 762 880 1133 1134 1184 1219 1253 1359
1817 12 49 58 196 197 281 306 382 383 390 397 434 467 505 522 529 618 660 685 727 756 846 932 950 1001 1003 1156 1253 1315 1324 1348 1438
1818 90 257 284 415 560 569 595 631 635 637 646 649 781 881 1059 1060 1080 1245 1279 1293 1359 1465 1498
1819 12 42 74 76 82 89 91 212 217 226 236 324 336 352 353 377 380 524 540 731 796 827 869 1330 1375
1820 49 83 104 218 222 246 410 473 522 715 849 851 855 949 969 1175 1176 1401
1821 75 103 104 195 238 282 291 295 384 397 459 502 505 518 520 567 577 598 602 605 618 682 805 818 824 932 944 1193 1194 1206 1208 1414 1504
1822 1 2 10 13 19 71 103 226 237 334 337 405 407 418 500 524 550 593 622 780 868 1071 1099 1102 1214 1250 1317 1526
1823 16 71 122 334 844 946 1212 1310 1315 1386
1824 42 46 87 103 104 233 334 408 593 615 731 827 889 909 997 1049 1078 1086 1211 1214
1825 19 31 33 46 49 65 70 334 388 392 523 546 693 698 727 892 893 931 1002 1030 1056 1141 1151 1220 1310 1387 1474
1826 14 29 54 260 281 282 292 435 444 453 497 505 507 518 520 534 537 567 598 606 685 823 932 1008 1159 1341 1435 1482
1827 29 132 133 136 143 146 156 160 166 174 176 177 181 247 252 277 301 364 366 367 378 379 423 425 427 558 559 561 746 747 750 806 954 961 962 1051
1828 0 19 29 45 46 54 144 253 282 289 550 587 677 780 863 888 1154 1193 1252 1414
1829 4 115 133 186 196 241 397 505 507 512 520 606 853 932 1180 1341
1830 5 100 144 165 174 187 210 229 257 268 278 395 399 400 403 410 482 484 599 699 700 702 719 772 795 1079 1104 1245 1296 1303 1304 1329 1351 1352
1831 16 18 29 62 132 133 143 144 149 169 174 179 187 210 265 298 395 486 488 552 584 586 704 719 752 791 1031 1273 1380 1455
1832 7 29 45 132 133 135 136 139 145 146 149 159 164 170 174 175 181 244 247 250 260 277 298 317 377 381 459 489 495 561 565 573 633 748 792 989
1833 191 397 436 442 444 449 498 499 515 519 615 675 693 974 1108 1109 1159 1160 1161
1834 29 47 118 122 129 132 133 135 137 139 146 151 159 166 167 179 199 251 264 296 316 363 366 488 490 751 933 1042 1271 1276 1510
1835 12 68 70 87 98 99 100 183 188 311 358 364 390 512 589 662 664 692 701 753 761 766 819 821 948 979 1087 1190 1407 1426 1431 1508
1836 28 68 90 95 96 99 100 101 146 174 266 268 276 279 313 364 372 373 377 381 446 566 571 573 620 638 765 874 983 1133 1158 1334 1372
1837 69 132 133 144 166 169 174 177 180 181 190 192 199 203 247 252 260 304 305 317 318 367 370 374 379 448 565 742 872 957 961 962 1155 1315 1379
1838 104 267 279 282 397 502 598 618 629 666 682 685 818 824 1008 1154 1192 1194 1208 1343 1344 1414
1839 284 412 439 781 986 1074 1138 1346
1840 29 47 59 99 122 146 196 201 292 308 359 365 379 530 531 534 731 786 936 951 1305
1841 34 68 83 85 103 104 136 158 187 196 222 224 239 260 278 279 282 313 484 559 566 567 568 591 599 630 664 805 1113 1183 1303 1414 1493
1842 58 92 98 100 195 196 210 258 268 277 280 297 315 396 417 432 440 459 516 540 569 636 658 666 719 724 805 806 812 875 1001 1002 1116 1230
1843 14 47 131 133 135 136 138 139 144 145 146 153 161 170 251 252 308 359 370 424 494 747 757 1033 1422
1844 29 86 118 132 133 135 137 147 150 174 199 206 241 247 277 296 364 556 576 647 809 848 880 934 963 1053 1237 1270 1277 1431
1845 0 4 7 8 14 19 22 42 43 45 46 71 78 132 133 135 136 170 223 233 308 311 334 339 344 467 481 488 541 550 594 610 662 825 893 981 1030
1846 29 68 83 133 139 142 144 146 174 179 196 224 277 315 379 385 505 520 534 543 662 664 808 838 843 861 1168 1201 1296 1299 1364 1397 1431 1448
1847 19 29 46 55 61 75 85 100 104 223 266 267 277 306 334 364 383 384 396 401 462 473 516 517 523 534 630 666 696 697 700 715 724 754 858 1001 1112 1113 1334 1439
1848 17 34 62 92 97 104 207 215 231 269 285 291 306 382 387 523 579 593 598 674 795 917 920 1009 1292 1305 1434
1849 29 132 137 144 165 174 177 186 242 244 247 251 257 277 309 381 420 425 562 566 576 599 628 649 751 963 1014 1024 1354 1493
1850 2 7 8 19 20 24 35 233 337 347 407 478 547 554 555 581 622 700 820 825 889 945 1096 1362 1473 1474
1851 80 88 89 99 100 102 104 145 183 188 220 224 236 342 368 372 402 540 571 710 731 790 844 1076 1114 1332 1484
1852 19 42 43 45 46 98 104 149 322 390 464 523 550 554 555 598 666 818 893 1343 1356 1386 1509
1853 12 42 55 68 83 84 86 97 98 99 100 101 218 219 231 233 540 571 589 658 767 769 773 840 1201 1246 1300 1411 1525 1527
1854 42 52 55 86 92 98 214 225 312 386 410 527 592 596 621 640 703 715 912 1066 1125 1186 1266 1290 1306 1507
1855 4 12 29 59 85 122 132 133 135 138 139 143 144 145 157 173 174 176 177 195 252 266 277 316 317 364 379 494 558 559 565 664 746 749 756 897 899 1163 1396 1407
1856 4 29 45 58 83 99 121 131 132 139 143 144 151 152 157 159 161 167 179 290 291 322 356 494 628 733 745 898 1129 1145 1381 1513
1857 103 104 191 233 238 384 473 475 479 594 657 780 889 1007 1013
1858 5 24 171 254 534 716 743 988 990 1282 1363
1859 55 72 73 76 80 83 96 101 104 218 219 221 222 228 231 342 353 386 571 658 699 769 840 915 969 1069 1177 1203 1210 1211 1266 1289 1514
1860 33 58 322 341 383 393 396 399 400 402 473 523 663 697 727 733 797 999 1000 1001 1114 1115 1129 1139 1140 1145 1309 1356 1376 1457
1861 133 135 144 176 177 184 192 244 247 250 252 311 374 742 1026 1027 1073 1163 1315 1415
1862 602 613
1863 28 42 50 65 74 75 79 84 92 104 107 228 291 306 351 390 408 460 466 472 583 589 592 707 763 765 1001 1186 1272 1297 1306 1436 1518
1864 5 8 19 24 42 46 50 79 83 90 93 96 97 99 108 218 225 227 233 306 345 351 386 466 540 600 700 711 724 765 918 972 1064 1266 1334 1372 1421
1865 208 407 902 914 1071 1094
1866 453 496 602 617 671 675 1108 1109 1360
